{
	"format_version": "1.12.0",
	"minecraft:geometry": [
		{
			"description": {
				"identifier": "geometry.bouncer",
				"texture_width": 64,
				"texture_height": 64,
				"visible_bounds_width": 2,
				"visible_bounds_height": 3.5,
				"visible_bounds_offset": [0, 1.25, 0]
			},
			"bones": [
				{
					"name": "all",
					"pivot": [0, 0, 0]
				},
				{
					"name": "torso",
					"parent": "all",
					"pivot": [0, 7, 0],
					"cubes": [
						{"origin": [-3, 6.25, -2], "size": [6, 4, 4], "inflate": 0.3, "uv": [24, 0]},
						{"origin": [-3, 8, -2], "size": [6, 8, 4], "inflate": 0.01, "uv": [14, 16]}
					]
				},
				{
					"name": "tie",
					"parent": "torso",
					"pivot": [0, 16, -2],
					"rotation": [0, 0, 12.5],
					"cubes": [
						{"origin": [-3, 9, -2.25], "size": [6, 7, 4], "uv": [0, 38]}
					]
				},
				{
					"name": "head",
					"parent": "torso",
					"pivot": [0, 16, 0],
					"cubes": [
						{"origin": [-4, 16, -4], "size": [8, 8, 8], "uv": [0, 0]}
					]
				},
				{
					"name": "nose",
					"parent": "head",
					"pivot": [0, 19.5, -4],
					"cubes": [
						{"origin": [-2, 16, -6], "size": [4, 4, 2], "uv": [33, 8]}
					]
				},
				{
					"name": "earleft",
					"parent": "head",
					"pivot": [4, 19, 0],
					"cubes": [
						{"origin": [4, 16, -2], "size": [1, 8, 4], "pivot": [5, 20, 0], "rotation": [0, 0, 27.5], "uv": [46, 2]}
					]
				},
				{
					"name": "earright",
					"parent": "head",
					"pivot": [-4, 19, 0],
					"cubes": [
						{"origin": [-5, 16, -2], "size": [1, 8, 4], "pivot": [-5, 20, 0], "rotation": [0, 0, -27.5], "uv": [46, 2], "mirror": true}
					]
				},
				{
					"name": "leftarm",
					"parent": "torso",
					"pivot": [3, 16.5, 0],
					"rotation": [0, 0, -2.5],
					"cubes": [
						{"origin": [3, 7, -1.5], "size": [3, 9, 3], "uv": [34, 16]},
						{"origin": [3, 7, -0.5], "size": [2, 9, 2], "inflate": -0.05, "uv": [46, 17]},
						{"origin": [3, 12, -1.5], "size": [3, 4, 3], "inflate": 0.45, "uv": [20, 39]}
					]
				},
				{
					"name": "rightarm",
					"parent": "torso",
					"pivot": [-3, 16.5, 0],
					"rotation": [0, 0, 2.5],
					"cubes": [
						{"origin": [-6, 7, -1.5], "size": [3, 9, 3], "uv": [34, 16], "mirror": true},
						{"origin": [-5, 7, -0.5], "size": [2, 9, 2], "inflate": -0.05, "uv": [46, 17], "mirror": true},
						{"origin": [-6, 12, -1.5], "size": [3, 4, 3], "inflate": 0.45, "uv": [20, 39], "mirror": true}
					]
				},
				{
					"name": "leftleg",
					"parent": "all",
					"pivot": [1, 7, 0],
					"cubes": [
						{"origin": [0, 0, -2], "size": [3, 8, 4], "uv": [0, 16]},
						{"origin": [1, 0, -1], "size": [2, 8, 2], "inflate": -0.05, "uv": [56, 18]}
					]
				},
				{
					"name": "rightleg",
					"parent": "all",
					"pivot": [-1, 7, 0],
					"cubes": [
						{"origin": [-3, 0, -2], "size": [3, 8, 4], "uv": [0, 16], "mirror": true},
						{"origin": [-3, 0, -1], "size": [2, 8, 2], "inflate": -0.05, "uv": [56, 18], "mirror": true}
					]
				}
			]
		}
	]
}