{
	"format_version": "1.12.0",
	"minecraft:geometry": [
		{
			"description": {
				"identifier": "geometry.caster",
				"texture_width": 64,
				"texture_height": 128,
				"visible_bounds_width": 4,
				"visible_bounds_height": 3.5,
				"visible_bounds_offset": [0, 1.25, 0]
			},
			"bones": [
				{
					"name": "all",
					"pivot": [0, 6, 5]
				},
				{
					"name": "gobbler",
					"parent": "all",
					"pivot": [0, 6, 3]
				},
				{
					"name": "torso",
					"parent": "gobbler",
					"pivot": [0, 7, 7],
					"rotation": [45, 0, 0],
					"cubes": [
						{"origin": [-3, 8, 5], "size": [6, 8, 4], "uv": [14, 16]},
						{"origin": [-3, 8, 5], "size": [6, 8, 4], "inflate": 0.3, "uv": [0, 38]}
					]
				},
				{
					"name": "head",
					"parent": "torso",
					"pivot": [0, 16, 6],
					"rotation": [-45, 0, 0],
					"cubes": [
						{"origin": [-4, 16, 0], "size": [8, 6, 8], "inflate": 0.1, "uv": [32, 34]},
						{"origin": [-4, 16, 0], "size": [8, 8, 8], "uv": [0, 0]}
					]
				},
				{
					"name": "hat",
					"parent": "head",
					"pivot": [0, 23.5, 4],
					"rotation": [2.5, 0, 0],
					"cubes": [
						{"origin": [-7, 21.5, -3], "size": [14, 1, 14], "inflate": 0.3, "uv": [0, 64]},
						{"origin": [-4, 23, 0], "size": [8, 2, 8], "inflate": 0.6, "pivot": [0, 22.5, 4], "rotation": [-2.5, 0, 2.5], "uv": [0, 80]},
						{"origin": [-2, 24, 2], "size": [4, 4, 4], "inflate": 0.2, "pivot": [0, 22.5, 4], "rotation": [-5, 0, 5], "uv": [33, 83]},
						{"origin": [-0.5, 26, 3.5], "size": [2, 4, 2], "pivot": [0.5, 27.5, 4.5], "rotation": [-7.5, 0, 7.5], "uv": [50, 85]}
					]
				},
				{
					"name": "nose",
					"parent": "head",
					"pivot": [0, 19.5, 0],
					"cubes": [
						{"origin": [-2, 16, -2], "size": [4, 4, 2], "uv": [33, 8]}
					]
				},
				{
					"name": "earleft",
					"parent": "head",
					"pivot": [4, 19, 4],
					"rotation": [0, 0, 30],
					"cubes": [
						{"origin": [4, 16, 2], "size": [1, 8, 4], "pivot": [5, 20, 4], "rotation": [0, 0, 30], "uv": [46, 2]}
					]
				},
				{
					"name": "earright",
					"parent": "head",
					"pivot": [-4, 19, 4],
					"rotation": [0, 0, -30],
					"cubes": [
						{"origin": [-5, 16, 2], "size": [1, 8, 4], "pivot": [-5, 20, 4], "rotation": [0, 0, -30], "uv": [46, 2], "mirror": true}
					]
				},
				{
					"name": "leftarmcontrol",
					"parent": "torso",
					"pivot": [3, 13.5, 5.5]
				},
				{
					"name": "leftarm",
					"parent": "leftarmcontrol",
					"pivot": [3, 13.5, 5.5],
					"rotation": [-139, -71, 68],
					"cubes": [
						{"origin": [3, 5, 4], "size": [3, 9, 3], "uv": [34, 16]},
						{"origin": [3, 10, 4], "size": [3, 4, 3], "inflate": 0.3, "uv": [46, 16]}
					]
				},
				{
					"name": "wand",
					"parent": "leftarm",
					"pivot": [4.5, 4.5, 5],
					"cubes": [
						{"origin": [4, 4, -4], "size": [1, 1, 11], "uv": [0, 92]}
					]
				},
				{
					"name": "rightarm",
					"parent": "torso",
					"pivot": [-3, 15.5, 6.25],
					"rotation": [-52.84154, -18.26883, -13.36473],
					"cubes": [
						{"origin": [-6, 7, 4.75], "size": [3, 9, 3], "uv": [34, 16], "mirror": true},
						{"origin": [-6, 10, 4.75], "size": [3, 4, 3], "inflate": 0.2, "uv": [20, 40], "mirror": true}
					]
				},
				{
					"name": "leftleg",
					"parent": "gobbler",
					"pivot": [1.5, 6, 6],
					"cubes": [
						{"origin": [0.5, -1, 4], "size": [3, 8, 4], "pivot": [2.5, 6, 6], "rotation": [-52.84154, -18.26883, -13.36473], "uv": [0, 16]}
					]
				},
				{
					"name": "rightleg",
					"parent": "gobbler",
					"pivot": [-1.5, 6, 6],
					"rotation": [-50.28872, 17.67415, 14.15251],
					"cubes": [
						{"origin": [-3.5, -1, 4], "size": [3, 8, 4], "uv": [0, 16], "mirror": true}
					]
				},
				{
					"name": "broom",
					"parent": "all",
					"pivot": [0, 6, 0],
					"cubes": [
						{"origin": [-1, 5, -11], "size": [2, 2, 10], "uv": [0, 52]},
						{"origin": [-1, 5, -1], "size": [2, 2, 10], "uv": [0, 52]},
						{"origin": [-3, 3, 9], "size": [6, 6, 8], "uv": [36, 50]}
					]
				}
			]
		}
	]
}