{
	"format_version": "1.12.0",
	"minecraft:geometry": [
		{
			"description": {
				"identifier": "geometry.ceilingtarantula",
				"texture_width": 64,
				"texture_height": 64,
				"visible_bounds_width": 4,
				"visible_bounds_height": 2.5,
				"visible_bounds_offset": [0, 0.75, 0]
			},
			"bones": [
				{
					"name": "all",
					"pivot": [0, 16, 0],
					"rotation": [0, 0, -180]
				},
				{
					"name": "body",
					"parent": "all",
					"pivot": [0, 25, 1]
				},
				{
					"name": "head",
					"parent": "body",
					"pivot": [0, 25, -3],
					"cubes": [
						{"origin": [-4, 21, -12], "size": [8, 8, 8], "inflate": 1, "uv": [32, 42]}
					]
				},
				{
					"name": "torso",
					"parent": "body",
					"pivot": [0, 25, 0],
					"cubes": [
						{"origin": [-4, 21, -5], "size": [8, 8, 7], "uv": [0, 49]}
					]
				},
				{
					"name": "buttox",
					"parent": "body",
					"pivot": [0, 26.5, 1],
					"cubes": [
						{"origin": [-8, 20.5, 1], "size": [16, 12, 16], "uv": [0, 0]}
					]
				},
				{
					"name": "legs",
					"parent": "all",
					"pivot": [0, 16, 0]
				},
				{
					"name": "leftlegs",
					"parent": "legs",
					"pivot": [0, 26, 0]
				},
				{
					"name": "leftleg1",
					"parent": "leftlegs",
					"pivot": [3, 25.5, -3],
					"rotation": [0, 45, 45],
					"cubes": [
						{"origin": [2, 24.4, -4], "size": [16, 4, 4], "uv": [0, 41]}
					]
				},
				{
					"name": "leftleg2",
					"parent": "leftlegs",
					"pivot": [4, 25.5, 0],
					"rotation": [0, 15, 35],
					"cubes": [
						{"origin": [3, 24.5, -1], "size": [16, 4, 4], "uv": [0, 41]}
					]
				},
				{
					"name": "leftleg3",
					"parent": "leftlegs",
					"pivot": [6, 25.25, 3],
					"rotation": [0, -15, 35],
					"cubes": [
						{"origin": [5, 24, 2], "size": [16, 4, 4], "uv": [0, 41]}
					]
				},
				{
					"name": "leftleg4",
					"parent": "leftlegs",
					"pivot": [6, 24.75, 6],
					"rotation": [0, -45, 45],
					"cubes": [
						{"origin": [5, 23.65, 5], "size": [16, 4, 4], "uv": [0, 41]}
					]
				},
				{
					"name": "rightlegs",
					"parent": "legs",
					"pivot": [0, 26, 0]
				},
				{
					"name": "rightleg1",
					"parent": "rightlegs",
					"pivot": [-3, 25.5, -3],
					"rotation": [0, -45, -45],
					"cubes": [
						{"origin": [-18, 24.4, -4], "size": [16, 4, 4], "uv": [0, 41], "mirror": true}
					]
				},
				{
					"name": "rightleg2",
					"parent": "rightlegs",
					"pivot": [-4, 25.5, 0],
					"rotation": [0, -15, -35],
					"cubes": [
						{"origin": [-19, 24.5, -1], "size": [16, 4, 4], "uv": [0, 41], "mirror": true}
					]
				},
				{
					"name": "rightleg3",
					"parent": "rightlegs",
					"pivot": [-7, 25.25, 3],
					"rotation": [0, 15, -35],
					"cubes": [
						{"origin": [-22, 24, 2], "size": [16, 4, 4], "uv": [0, 41], "mirror": true}
					]
				},
				{
					"name": "rightleg4",
					"parent": "rightlegs",
					"pivot": [-6, 24.75, 6],
					"rotation": [0, 45, -45],
					"cubes": [
						{"origin": [-21, 23.65, 5], "size": [16, 4, 4], "uv": [0, 41], "mirror": true}
					]
				}
			]
		}
	]
}