{
	"format_version": "1.12.0",
	"minecraft:geometry": [
		{
			"description": {
				"identifier": "geometry.crawler",
				"texture_width": 64,
				"texture_height": 32,
				"visible_bounds_width": 3,
				"visible_bounds_height": 2.5,
				"visible_bounds_offset": [0, 0.75, 0]
			},
			"bones": [
				{
					"name": "all",
					"pivot": [0, 0, 0]
				},
				{
					"name": "body",
					"parent": "all",
					"pivot": [0, 9.6, 0],
					"cubes": [
						{"origin": [-4, 4.6, -4], "size": [8, 8, 8], "inflate": 1, "uv": [0, 16]}
					]
				},
				{
					"name": "head",
					"parent": "body",
					"pivot": [0, 12.5, -3],
					"cubes": [
						{"origin": [-4, 4.6, -6], "size": [8, 8, 8], "inflate": 0.01, "uv": [0, 0]}
					]
				},
				{
					"name": "frontlegs",
					"parent": "all",
					"pivot": [0, 12, -2]
				},
				{
					"name": "leftlegfront",
					"parent": "frontlegs",
					"pivot": [6.5, 12, -4],
					"cubes": [
						{"origin": [5.5, 0, -6], "size": [4, 12, 4], "uv": [32, 16]},
						{"origin": [5.5, 6, -6], "size": [4, 6, 4], "inflate": 0.5, "uv": [32, 0]}
					]
				},
				{
					"name": "rightlegfront",
					"parent": "frontlegs",
					"pivot": [-6.5, 12, -4],
					"cubes": [
						{"origin": [-9.5, 0, -6], "size": [4, 12, 4], "uv": [32, 16], "mirror": true},
						{"origin": [-9.5, 6, -6], "size": [4, 6, 4], "inflate": 0.5, "uv": [32, 0], "mirror": true}
					]
				},
				{
					"name": "backlegs",
					"parent": "all",
					"pivot": [0, 10, 5]
				},
				{
					"name": "leftlegback",
					"parent": "backlegs",
					"pivot": [2.5, 12, 5],
					"cubes": [
						{"origin": [1.5, 0, 3], "size": [4, 12, 4], "inflate": 0.01, "uv": [48, 16]},
						{"origin": [1.5, 6, 3], "size": [4, 6, 4], "inflate": 0.49, "uv": [48, 0]}
					]
				},
				{
					"name": "rightlegback",
					"parent": "backlegs",
					"pivot": [-2.5, 12, 5],
					"cubes": [
						{"origin": [-5.5, 0, 3], "size": [4, 12, 4], "inflate": 0.01, "uv": [48, 16], "mirror": true},
						{"origin": [-5.5, 6, 3], "size": [4, 6, 4], "inflate": 0.49, "uv": [48, 0], "mirror": true}
					]
				}
			]
		}
	]
}