{
	"format_version": "1.12.0",
	"minecraft:geometry": [
		{
			"description": {
				"identifier": "geometry.errant",
				"texture_width": 64,
				"texture_height": 64,
				"visible_bounds_width": 4,
				"visible_bounds_height": 3.5,
				"visible_bounds_offset": [0, 1.25, 0]
			},
			"bones": [
				{
					"name": "all",
					"pivot": [0, 0, 0]
				},
				{
					"name": "torso",
					"parent": "all",
					"pivot": [0, 7, 0],
					"cubes": [
						{"origin": [-3, 6.25, -2], "size": [6, 4, 4], "inflate": 0.4, "uv": [24, 0]},
						{"origin": [-3, 8, -2], "size": [6, 8, 4], "inflate": 0.01, "uv": [14, 16]},
						{"origin": [-3, 12, -2], "size": [6, 4, 4], "inflate": 0.4, "uv": [0, 38]}
					]
				},
				{
					"name": "head",
					"parent": "torso",
					"pivot": [0, 16, 0],
					"cubes": [
						{"origin": [-4, 16, -4], "size": [8, 8, 8], "uv": [0, 0]},
						{"origin": [-4, 16, -4], "size": [8, 8, 8], "inflate": 0.5, "uv": [32, 32]}
					]
				},
				{
					"name": "nose",
					"parent": "head",
					"pivot": [0, 19.5, -4],
					"cubes": [
						{"origin": [-2, 16, -6], "size": [4, 4, 2], "uv": [33, 8]}
					]
				},
				{
					"name": "earleft",
					"parent": "head",
					"pivot": [3, 18, 0],
					"cubes": [
						{"origin": [3.90904, 16.08335, -2], "size": [1, 8, 4], "pivot": [4.90904, 20.08335, 0], "rotation": [0, 0, 27.5], "uv": [46, 2]}
					]
				},
				{
					"name": "earright",
					"parent": "head",
					"pivot": [-3, 18, 0],
					"cubes": [
						{"origin": [-4.90904, 16.08335, -2], "size": [1, 8, 4], "pivot": [-4.90904, 20.08335, 0], "rotation": [0, 0, -27.5], "uv": [46, 2], "mirror": true}
					]
				},
				{
					"name": "botharms",
					"parent": "torso",
					"pivot": [-1, 14.5, -1]
				},
				{
					"name": "leftarm",
					"parent": "botharms",
					"pivot": [2.96593, 14.24118, 0],
					"rotation": [0, 0, -2.5],
					"cubes": [
						{"origin": [3.05316, 6.73928, -1.5], "size": [3, 9, 3], "uv": [34, 16]},
						{"origin": [3.05316, 6.73928, -0.5], "size": [2, 9, 2], "inflate": -0.05, "uv": [46, 17]},
						{"origin": [3.05316, 11.73928, -1.5], "size": [3, 4, 3], "inflate": 0.45, "uv": [20, 39]}
					]
				},
				{
					"name": "rightarm",
					"parent": "botharms",
					"pivot": [-3.03407, 14.24118, 0],
					"rotation": [0, 0, 2.5],
					"cubes": [
						{"origin": [-6.12131, 6.73928, -1.5], "size": [3, 9, 3], "uv": [34, 16], "mirror": true},
						{"origin": [-5.12131, 6.73928, -0.5], "size": [2, 9, 2], "inflate": -0.05, "uv": [46, 17], "mirror": true},
						{"origin": [-6.12131, 11.73928, -1.5], "size": [3, 4, 3], "inflate": 0.45, "uv": [20, 39], "mirror": true}
					]
				},
				{
					"name": "axe",
					"parent": "rightarm",
					"pivot": [-5.12131, 7.23928, 0],
					"rotation": [135, 0, 0],
					"cubes": [
						{"origin": [-5.12131, 3.18902, -4.05025], "size": [1, 1, 1], "uv": [6, 59]},
						{"origin": [-5.12131, 4.18902, -4.05025], "size": [1, 1, 1], "uv": [6, 56]},
						{"origin": [-5.12131, 5.18902, -4.05025], "size": [1, 1, 1], "uv": [6, 56]},
						{"origin": [-5.12131, 5.18902, -3.05025], "size": [1, 1, 1], "uv": [6, 56]},
						{"origin": [-5.12131, 4.18902, -3.05025], "size": [1, 1, 1], "uv": [6, 53]},
						{"origin": [-5.12131, 10.18902, 2.94975], "size": [1, 1, 1], "uv": [11, 53]},
						{"origin": [-5.12131, 11.18902, 2.94975], "size": [1, 1, 1], "uv": [11, 56]},
						{"origin": [-5.12131, 12.18902, 3.94975], "size": [1, 1, 1], "uv": [6, 59]},
						{"origin": [-5.12131, 12.18902, 2.94975], "size": [1, 1, 1], "uv": [6, 59]},
						{"origin": [-5.12131, 13.18902, 1.94975], "size": [1, 1, 1], "uv": [6, 59]},
						{"origin": [-5.12131, 14.18902, 0.94975], "size": [1, 1, 1], "uv": [6, 59]},
						{"origin": [-5.12131, 15.18902, 0.94975], "size": [1, 1, 1], "uv": [6, 59]},
						{"origin": [-5.12131, 16.18902, 0.94975], "size": [1, 1, 1], "uv": [6, 59]},
						{"origin": [-5.12131, 17.18902, 0.94975], "size": [1, 1, 1], "uv": [6, 56]},
						{"origin": [-5.12131, 18.18902, 0.94975], "size": [1, 1, 1], "uv": [6, 56]},
						{"origin": [-5.12131, 14.18902, 1.94975], "size": [1, 1, 1], "uv": [6, 53]},
						{"origin": [-5.12131, 13.18902, 2.94975], "size": [1, 1, 1], "uv": [6, 53]},
						{"origin": [-5.12131, 14.18902, 3.94975], "size": [1, 1, 1], "uv": [6, 56]},
						{"origin": [-5.12131, 15.18902, 4.94975], "size": [1, 1, 1], "uv": [6, 56]},
						{"origin": [-5.12131, 16.18902, 3.94975], "size": [1, 1, 1], "uv": [6, 56]},
						{"origin": [-5.12131, 17.18902, 3.94975], "size": [1, 1, 1], "uv": [6, 59]},
						{"origin": [-5.12131, 18.18902, 3.94975], "size": [1, 1, 1], "uv": [6, 59]},
						{"origin": [-5.12131, 19.18902, 4.94975], "size": [1, 1, 1], "uv": [6, 59]},
						{"origin": [-5.12131, 18.18902, 4.94975], "size": [1, 1, 1], "uv": [6, 56]},
						{"origin": [-5.12131, 19.18902, 5.94975], "size": [1, 1, 1], "uv": [6, 56]},
						{"origin": [-5.12131, 20.18902, 5.94975], "size": [1, 1, 1], "uv": [6, 59]},
						{"origin": [-5.12131, 20.18902, 6.94975], "size": [1, 1, 1], "uv": [6, 59]},
						{"origin": [-5.12131, 20.18902, 7.94975], "size": [1, 1, 1], "uv": [6, 56]},
						{"origin": [-5.12131, 20.18902, 8.94975], "size": [1, 1, 1], "uv": [6, 56]},
						{"origin": [-5.12131, 20.18902, 9.94975], "size": [1, 1, 1], "uv": [1, 59]},
						{"origin": [-5.12131, 21.18902, 9.94975], "size": [1, 1, 1], "uv": [1, 59]},
						{"origin": [-5.12131, 21.18902, 8.94975], "size": [1, 1, 1], "uv": [1, 59]},
						{"origin": [-5.12131, 15.18902, 3.94975], "size": [1, 1, 1], "uv": [6, 53]},
						{"origin": [-5.12131, 16.18902, 4.94975], "size": [1, 1, 1], "uv": [6, 53]},
						{"origin": [-5.12131, 17.18902, 4.94975], "size": [1, 1, 1], "uv": [6, 53]},
						{"origin": [-5.12131, 16.18902, 5.94975], "size": [1, 1, 1], "uv": [1, 56]},
						{"origin": [-5.12131, 17.18902, 5.94975], "size": [1, 1, 1], "uv": [1, 59]},
						{"origin": [-5.12131, 18.18902, 5.94975], "size": [1, 1, 1], "uv": [6, 53]},
						{"origin": [-5.12131, 19.18902, 6.94975], "size": [1, 1, 1], "uv": [6, 53]},
						{"origin": [-5.12131, 19.18902, 7.94975], "size": [1, 1, 1], "uv": [6, 53]},
						{"origin": [-5.12131, 18.18902, 6.94975], "size": [1, 1, 1], "uv": [1, 59]},
						{"origin": [-5.12131, 18.18902, 7.94975], "size": [1, 1, 1], "uv": [1, 59]},
						{"origin": [-5.12131, 14.18902, 2.94975], "size": [1, 1, 1], "uv": [6, 50]},
						{"origin": [-5.12131, 15.18902, 2.94975], "size": [1, 1, 1], "uv": [1, 59]},
						{"origin": [-5.12131, 16.18902, 2.94975], "size": [1, 1, 1], "uv": [1, 59]},
						{"origin": [-5.12131, 17.18902, 2.94975], "size": [1, 1, 1], "uv": [1, 56]},
						{"origin": [-5.12131, 18.18902, 2.94975], "size": [1, 1, 1], "uv": [1, 56]},
						{"origin": [-5.12131, 19.18902, 3.94975], "size": [1, 1, 1], "uv": [1, 56]},
						{"origin": [-5.12131, 20.18902, 3.94975], "size": [1, 1, 1], "uv": [1, 56]},
						{"origin": [-5.12131, 20.18902, 4.94975], "size": [1, 1, 1], "uv": [1, 56]},
						{"origin": [-5.12131, 21.18902, 5.94975], "size": [1, 1, 1], "uv": [1, 56]},
						{"origin": [-5.12131, 21.18902, 6.94975], "size": [1, 1, 1], "uv": [1, 56]},
						{"origin": [-5.12131, 21.18902, 7.94975], "size": [1, 1, 1], "uv": [1, 56]},
						{"origin": [-5.12131, 15.18902, 1.94975], "size": [1, 1, 1], "uv": [1, 56]},
						{"origin": [-5.12131, 16.18902, 1.94975], "size": [1, 1, 1], "uv": [1, 53]},
						{"origin": [-5.12131, 17.18902, 1.94975], "size": [1, 1, 1], "uv": [1, 53]},
						{"origin": [-5.12131, 18.18902, 1.94975], "size": [1, 1, 1], "uv": [1, 53]},
						{"origin": [-5.12131, 19.18902, 2.94975], "size": [1, 1, 1], "uv": [1, 53]},
						{"origin": [-5.12131, 22.18902, 6.94975], "size": [1, 1, 1], "uv": [1, 53]},
						{"origin": [-5.12131, 22.18902, 7.94975], "size": [1, 1, 1], "uv": [1, 53]},
						{"origin": [-5.12131, 22.18902, 8.94975], "size": [1, 1, 1], "uv": [1, 56]},
						{"origin": [-5.12131, 22.18902, 9.94975], "size": [1, 1, 1], "uv": [1, 56]},
						{"origin": [-5.12131, 21.18902, 10.94975], "size": [1, 1, 1], "uv": [1, 56]},
						{"origin": [-5.12131, 22.18902, 10.94975], "size": [1, 1, 1], "uv": [1, 53]},
						{"origin": [-5.12131, 21.18902, 11.94975], "size": [1, 1, 1], "uv": [1, 53]},
						{"origin": [-5.12131, 20.18902, 2.94975], "size": [1, 1, 1], "uv": [1, 50]},
						{"origin": [-5.12131, 22.18902, 5.94975], "size": [1, 1, 1], "uv": [1, 50]},
						{"origin": [-5.12131, 21.18902, 3.94975], "size": [1, 1, 1], "uv": [1, 50]},
						{"origin": [-5.12131, 21.18902, 4.94975], "size": [1, 1, 1], "uv": [1, 50]},
						{"origin": [-5.12131, 19.18902, 1.94975], "size": [1, 1, 1], "uv": [6, 56]},
						{"origin": [-5.12131, 20.18902, 1.94975], "size": [1, 1, 1], "uv": [6, 56]},
						{"origin": [-5.12131, 21.18902, 2.94975], "size": [1, 1, 1], "uv": [6, 56]},
						{"origin": [-5.12131, 22.18902, 3.94975], "size": [1, 1, 1], "uv": [6, 56]},
						{"origin": [-5.12131, 22.18902, 4.94975], "size": [1, 1, 1], "uv": [6, 56]},
						{"origin": [-5.12131, 23.18902, 5.94975], "size": [1, 1, 1], "uv": [6, 56]},
						{"origin": [-5.12131, 23.18902, 6.94975], "size": [1, 1, 1], "uv": [6, 56]},
						{"origin": [-5.12131, 23.18902, 7.94975], "size": [1, 1, 1], "uv": [6, 56]},
						{"origin": [-5.12131, 23.18902, 8.94975], "size": [1, 1, 1], "uv": [6, 56]},
						{"origin": [-5.12131, 23.18902, 9.94975], "size": [1, 1, 1], "uv": [6, 59]},
						{"origin": [-5.12131, 23.18902, 10.94975], "size": [1, 1, 1], "uv": [6, 59]},
						{"origin": [-5.12131, 22.18902, 11.94975], "size": [1, 1, 1], "uv": [6, 59]},
						{"origin": [-5.12131, 21.18902, 12.94975], "size": [1, 1, 1], "uv": [6, 59]},
						{"origin": [-5.12131, 20.18902, 12.94975], "size": [1, 1, 1], "uv": [6, 59]},
						{"origin": [-5.12131, 20.18902, 11.94975], "size": [1, 1, 1], "uv": [6, 59]},
						{"origin": [-5.12131, 19.18902, 10.94975], "size": [1, 1, 1], "uv": [6, 59]},
						{"origin": [-5.12131, 20.18902, 10.94975], "size": [1, 1, 1], "uv": [6, 56]},
						{"origin": [-5.12131, 19.18902, 9.94975], "size": [1, 1, 1], "uv": [6, 56]},
						{"origin": [-5.12131, 18.18902, 9.94975], "size": [1, 1, 1], "uv": [6, 59]},
						{"origin": [-5.12131, 19.18902, 8.94975], "size": [1, 1, 1], "uv": [1, 59]},
						{"origin": [-5.12131, 18.18902, 8.94975], "size": [1, 1, 1], "uv": [1, 56]},
						{"origin": [-5.12131, 17.18902, 10.94975], "size": [1, 1, 1], "uv": [6, 59]},
						{"origin": [-5.12131, 16.18902, 11.94975], "size": [1, 1, 1], "uv": [6, 59]},
						{"origin": [-5.12131, 15.18902, 12.94975], "size": [1, 1, 1], "uv": [6, 59]},
						{"origin": [-5.12131, 14.18902, 12.94975], "size": [1, 1, 1], "uv": [6, 59]},
						{"origin": [-5.12131, 13.18902, 12.94975], "size": [1, 1, 1], "uv": [6, 59]},
						{"origin": [-5.12131, 12.18902, 12.94975], "size": [1, 1, 1], "uv": [6, 59]},
						{"origin": [-5.12131, 12.18902, 11.94975], "size": [1, 1, 1], "uv": [6, 59]},
						{"origin": [-5.12131, 12.18902, 10.94975], "size": [1, 1, 1], "uv": [6, 59]},
						{"origin": [-5.12131, 12.18902, 9.94975], "size": [1, 1, 1], "uv": [6, 59]},
						{"origin": [-5.12131, 13.18902, 11.94975], "size": [1, 1, 1], "uv": [6, 53]},
						{"origin": [-5.12131, 14.18902, 11.94975], "size": [1, 1, 1], "uv": [6, 56]},
						{"origin": [-5.12131, 15.18902, 11.94975], "size": [1, 1, 1], "uv": [6, 56]},
						{"origin": [-5.12131, 16.18902, 10.94975], "size": [1, 1, 1], "uv": [6, 56]},
						{"origin": [-5.12131, 15.18902, 10.94975], "size": [1, 1, 1], "uv": [6, 53]},
						{"origin": [-5.12131, 14.18902, 10.94975], "size": [1, 1, 1], "uv": [6, 53]},
						{"origin": [-5.12131, 13.18902, 10.94975], "size": [1, 1, 1], "uv": [6, 56]},
						{"origin": [-5.12131, 13.18902, 9.94975], "size": [1, 1, 1], "uv": [6, 56]},
						{"origin": [-5.12131, 13.18902, 8.94975], "size": [1, 1, 1], "uv": [6, 59]},
						{"origin": [-5.12131, 13.18902, 3.94975], "size": [1, 1, 1], "uv": [6, 59]},
						{"origin": [-5.12131, 14.18902, 4.94975], "size": [1, 1, 1], "uv": [6, 59]},
						{"origin": [-5.12131, 15.18902, 5.94975], "size": [1, 1, 1], "uv": [6, 59]},
						{"origin": [-5.12131, 14.18902, 6.94975], "size": [1, 1, 1], "uv": [6, 59]},
						{"origin": [-5.12131, 14.18902, 7.94975], "size": [1, 1, 1], "uv": [6, 59]},
						{"origin": [-5.12131, 14.18902, 8.94975], "size": [1, 1, 1], "uv": [6, 59]},
						{"origin": [-5.12131, 14.18902, 9.94975], "size": [1, 1, 1], "uv": [6, 59]},
						{"origin": [-5.12131, 15.18902, 9.94975], "size": [1, 1, 1], "uv": [6, 59]},
						{"origin": [-5.12131, 16.18902, 9.94975], "size": [1, 1, 1], "uv": [6, 59]},
						{"origin": [-5.12131, 17.18902, 9.94975], "size": [1, 1, 1], "uv": [6, 53]},
						{"origin": [-5.12131, 17.18902, 8.94975], "size": [1, 1, 1], "uv": [6, 50]},
						{"origin": [-5.12131, 15.18902, 8.94975], "size": [1, 1, 1], "uv": [6, 50]},
						{"origin": [-5.12131, 15.18902, 7.94975], "size": [1, 1, 1], "uv": [1, 56]},
						{"origin": [-5.12131, 16.18902, 8.94975], "size": [1, 1, 1], "uv": [1, 56]},
						{"origin": [-5.12131, 16.18902, 7.94975], "size": [1, 1, 1], "uv": [1, 53]},
						{"origin": [-5.12131, 17.18902, 7.94975], "size": [1, 1, 1], "uv": [6, 50]},
						{"origin": [-5.12131, 17.18902, 6.94975], "size": [1, 1, 1], "uv": [6, 50]},
						{"origin": [-5.12131, 16.18902, 6.94975], "size": [1, 1, 1], "uv": [6, 50]},
						{"origin": [-5.12131, 15.18902, 6.94975], "size": [1, 1, 1], "uv": [6, 53]},
						{"origin": [-5.12131, 13.18902, 4.94975], "size": [1, 1, 1], "uv": [11, 56]},
						{"origin": [-5.12131, 14.18902, 5.94975], "size": [1, 1, 1], "uv": [11, 56]},
						{"origin": [-5.12131, 11.18902, 3.94975], "size": [1, 1, 1], "uv": [11, 50]},
						{"origin": [-5.12131, 12.18902, 4.94975], "size": [1, 1, 1], "uv": [11, 50]},
						{"origin": [-5.12131, 13.18902, 5.94975], "size": [1, 1, 1], "uv": [11, 53]},
						{"origin": [-5.12131, 3.18902, -3.05025], "size": [1, 1, 1], "uv": [6, 59]},
						{"origin": [-5.12131, 3.18902, -2.05025], "size": [1, 1, 1], "uv": [6, 59]},
						{"origin": [-5.12131, 4.18902, -2.05025], "size": [1, 1, 1], "uv": [6, 59]},
						{"origin": [-5.12131, 10.18902, 3.94975], "size": [1, 1, 1], "uv": [11, 59]},
						{"origin": [-5.12131, 9.18902, 1.94975], "size": [1, 1, 1], "uv": [11, 53]},
						{"origin": [-5.12131, 9.18902, 2.94975], "size": [1, 1, 1], "uv": [11, 59]},
						{"origin": [-5.12131, 10.18902, 1.94975], "size": [1, 1, 1], "uv": [11, 56]},
						{"origin": [-5.12131, 8.18902, 0.94975], "size": [1, 1, 1], "uv": [11, 53]},
						{"origin": [-5.12131, 8.18902, 1.94975], "size": [1, 1, 1], "uv": [11, 59]},
						{"origin": [-5.12131, 9.18902, 0.94975], "size": [1, 1, 1], "uv": [11, 56]},
						{"origin": [-5.12131, 7.18902, -0.05025], "size": [1, 1, 1], "uv": [11, 53]},
						{"origin": [-5.12131, 7.18902, 0.94975], "size": [1, 1, 1], "uv": [11, 59]},
						{"origin": [-5.12131, 8.18902, -0.05025], "size": [1, 1, 1], "uv": [11, 56]},
						{"origin": [-5.12131, 6.18902, -1.05025], "size": [1, 1, 1], "uv": [11, 53]},
						{"origin": [-5.12131, 6.18902, -0.05025], "size": [1, 1, 1], "uv": [11, 59]},
						{"origin": [-5.12131, 7.18902, -1.05025], "size": [1, 1, 1], "uv": [11, 56]},
						{"origin": [-5.12131, 5.18902, -2.05025], "size": [1, 1, 1], "uv": [11, 53]},
						{"origin": [-5.12131, 5.18902, -1.05025], "size": [1, 1, 1], "uv": [11, 59]},
						{"origin": [-5.12131, 6.18902, -2.05025], "size": [1, 1, 1], "uv": [11, 56]},
						{"origin": [-5.12131, 11.18902, 4.94975], "size": [1, 1, 1], "uv": [11, 59]},
						{"origin": [-5.12131, 12.18902, 5.94975], "size": [1, 1, 1], "uv": [11, 59]},
						{"origin": [-5.12131, 13.18902, 6.94975], "size": [1, 1, 1], "uv": [11, 59]}
					]
				},
				{
					"name": "leftleg",
					"parent": "all",
					"pivot": [1, 7, 0],
					"cubes": [
						{"origin": [0, 0, -2], "size": [3, 8, 4], "uv": [0, 16]},
						{"origin": [1, 0, -1], "size": [2, 8, 2], "inflate": -0.05, "uv": [56, 18]}
					]
				},
				{
					"name": "rightleg",
					"parent": "all",
					"pivot": [-1, 7, 0],
					"cubes": [
						{"origin": [-3, 0, -2], "size": [3, 8, 4], "uv": [0, 16], "mirror": true},
						{"origin": [-3, 0, -1], "size": [2, 8, 2], "inflate": -0.05, "uv": [56, 18], "mirror": true}
					]
				}
			]
		}
	]
}