{
	"format_version": "1.12.0",
	"minecraft:geometry": [
		{
			"description": {
				"identifier": "geometry.frigid",
				"texture_width": 64,
				"texture_height": 64,
				"visible_bounds_width": 4,
				"visible_bounds_height": 2.5,
				"visible_bounds_offset": [0, 0.75, 0]
			},
			"bones": [
				{
					"name": "all",
					"pivot": [0, 0, 0]
				},
				{
					"name": "body",
					"parent": "all",
					"pivot": [0, 7, -1.3923],
					"rotation": [60, 0, 0]
				},
				{
					"name": "torso",
					"parent": "body",
					"pivot": [0, 7, -1.3923],
					"rotation": [5, 0, 0],
					"cubes": [
						{"origin": [-4, -5, -3.3923], "size": [8, 12, 4], "inflate": 0.15, "uv": [16, 16]},
						{"origin": [-4, -5, -3.3923], "size": [8, 12, 4], "inflate": 0.5, "uv": [16, 32]}
					]
				},
				{
					"name": "head",
					"parent": "body",
					"pivot": [0, 7, -1.3923],
					"cubes": [
						{"origin": [-4, 7, -5.3923], "size": [8, 8, 8], "inflate": 0.2, "pivot": [0, 7, -1.3923], "rotation": [-60, 0, 0], "uv": [0, 0]},
						{"origin": [-4, 7, -5.3923], "size": [8, 8, 8], "inflate": 0.6, "pivot": [0, 7, -1.3923], "rotation": [-60, 0, 0], "uv": [32, 0]}
					]
				},
				{
					"name": "legs",
					"parent": "body",
					"pivot": [0, -5, -1.3923],
					"rotation": [30, 0, 0]
				},
				{
					"name": "lefleg",
					"parent": "legs",
					"pivot": [2, -5, -1.3923],
					"cubes": [
						{"origin": [0, -17, -3.3923], "size": [4, 12, 4], "uv": [0, 16]},
						{"origin": [0, -17, -3.3923], "size": [4, 12, 4], "inflate": 0.2, "uv": [0, 16]}
					]
				},
				{
					"name": "rightleg",
					"parent": "legs",
					"pivot": [-2, -5, -1.3923],
					"cubes": [
						{"origin": [-4, -17, -3.3923], "size": [4, 12, 4], "uv": [0, 16], "mirror": true},
						{"origin": [-4, -17, -3.3923], "size": [4, 12, 4], "inflate": 0.2, "uv": [0, 16], "mirror": true}
					]
				},
				{
					"name": "arms",
					"parent": "all",
					"pivot": [0, 6, 0.5]
				},
				{
					"name": "leftarm",
					"parent": "arms",
					"pivot": [5, 6, 0.33975],
					"rotation": [-65, 0, 0],
					"cubes": [
						{"origin": [4, -4, -1.66025], "size": [4, 12, 4], "uv": [40, 16], "mirror": true},
						{"origin": [4, -4, -1.66025], "size": [4, 12, 4], "inflate": 0.2, "uv": [40, 32], "mirror": true}
					]
				},
				{
					"name": "rightarm",
					"parent": "arms",
					"pivot": [-5, 6, 0.33975],
					"rotation": [-65, 0, 0],
					"cubes": [
						{"origin": [-8, -4, -1.66025], "size": [4, 12, 4], "uv": [40, 16]},
						{"origin": [-8, -4, -1.66025], "size": [4, 12, 4], "inflate": 0.2, "uv": [40, 32]}
					]
				}
			]
		}
	]
}