{
	"format_version": "1.12.0",
	"minecraft:geometry": [
		{
			"description": {
				"identifier": "geometry.gallant",
				"texture_width": 128,
				"texture_height": 128,
				"visible_bounds_width": 3,
				"visible_bounds_height": 3.5,
				"visible_bounds_offset": [0, 1.25, 0]
			},
			"bones": [
				{
					"name": "all",
					"pivot": [0, 0, 0]
				},
				{
					"name": "torso",
					"parent": "all",
					"pivot": [0, 13, 0]
				},
				{
					"name": "head",
					"parent": "torso",
					"pivot": [0, 24, 0],
					"cubes": [
						{"origin": [-4, 24, -4], "size": [8, 8, 8], "inflate": 0.15, "uv": [0, 0]},
						{"origin": [-0.5, 31.7, -2], "size": [1, 2, 6], "inflate": -0.05, "uv": [21, 56]},
						{"origin": [-1, 33.2, -3], "size": [2, 3, 8], "uv": [0, 53]}
					]
				},
				{
					"name": "visor",
					"parent": "head",
					"pivot": [0, 29.5, 1.5],
					"cubes": [
						{"origin": [-4, 24, -4.75], "size": [8, 8, 8], "inflate": 0.5, "uv": [32, 0]}
					]
				},
				{
					"name": "body",
					"parent": "torso",
					"pivot": [0, 13, 0],
					"cubes": [
						{"origin": [-4, 12, -2], "size": [8, 12, 4], "inflate": 0.15, "uv": [16, 16]},
						{"origin": [-4, 9, -2], "size": [8, 15, 4], "inflate": 0.5, "uv": [16, 32]}
					]
				},
				{
					"name": "cape",
					"parent": "body",
					"pivot": [0, 23.5, 2],
					"cubes": [
						{"origin": [-4, 15, 1], "size": [8, 9, 1], "pivot": [0, 24, 2], "rotation": [30, 0, 0], "uv": [35, 54]}
					]
				},
				{
					"name": "leftarm",
					"parent": "torso",
					"pivot": [5, 22, 0],
					"rotation": [0, 0, -4],
					"cubes": [
						{"origin": [4, 12, -2], "size": [4, 12, 4], "inflate": 0.1, "uv": [40, 16]},
						{"origin": [4, 12, -2], "size": [4, 12, 4], "inflate": 0.45, "uv": [40, 32]}
					]
				},
				{
					"name": "shield",
					"parent": "leftarm",
					"pivot": [6, 17, 0],
					"cubes": [
						{"origin": [8.5, 11, -10], "size": [1, 12, 20], "uv": [0, 96]},
						{"origin": [3.5, 16, -2.5], "size": [5, 2, 5], "inflate": 0.1, "uv": [0, 108]}
					]
				},
				{
					"name": "rightarm",
					"parent": "torso",
					"pivot": [-5, 22, 0],
					"cubes": [
						{"origin": [-8, 12, -2], "size": [4, 12, 4], "inflate": 0.1, "uv": [40, 16], "mirror": true},
						{"origin": [-8, 12, -2], "size": [4, 12, 4], "inflate": 0.45, "uv": [40, 32], "mirror": true}
					]
				},
				{
					"name": "sword",
					"parent": "rightarm",
					"pivot": [-7, 13.5, -2.5],
					"rotation": [45, 0, 0],
					"cubes": [
						{"origin": [-7, 10, 0], "size": [1, 1, 1], "uv": [24, 112]},
						{"origin": [-7, 15, -3], "size": [1, 1, 1], "uv": [24, 112]},
						{"origin": [-7, 16, -2], "size": [1, 1, 1], "uv": [24, 112]},
						{"origin": [-7, 17, -1], "size": [1, 1, 1], "uv": [24, 112]},
						{"origin": [-7, 18, -1], "size": [1, 1, 1], "uv": [24, 112]},
						{"origin": [-7, 19, -2], "size": [1, 1, 1], "uv": [24, 112]},
						{"origin": [-7, 19, -3], "size": [1, 1, 1], "uv": [24, 112]},
						{"origin": [-7, 18, -4], "size": [1, 1, 1], "uv": [24, 112]},
						{"origin": [-7, 12, -6], "size": [1, 1, 1], "uv": [24, 112]},
						{"origin": [-7, 13, -5], "size": [1, 1, 1], "uv": [24, 112]},
						{"origin": [-7, 11, -7], "size": [1, 1, 1], "uv": [24, 112]},
						{"origin": [-7, 11, -8], "size": [1, 1, 1], "uv": [24, 112]},
						{"origin": [-7, 12, -9], "size": [1, 1, 1], "uv": [24, 112]},
						{"origin": [-7, 13, -9], "size": [1, 1, 1], "uv": [24, 112]},
						{"origin": [-7, 14, -8], "size": [1, 1, 1], "uv": [24, 112]},
						{"origin": [-7, 15, -9], "size": [1, 1, 1], "uv": [24, 107]},
						{"origin": [-7, 19, -5], "size": [1, 1, 1], "uv": [24, 112]},
						{"origin": [-7, 16, -10], "size": [1, 1, 1], "uv": [24, 107]},
						{"origin": [-7, 20, -6], "size": [1, 1, 1], "uv": [24, 112]},
						{"origin": [-7, 17, -11], "size": [1, 1, 1], "uv": [24, 107]},
						{"origin": [-7, 21, -7], "size": [1, 1, 1], "uv": [24, 112]},
						{"origin": [-7, 18, -12], "size": [1, 1, 1], "uv": [24, 107]},
						{"origin": [-7, 22, -8], "size": [1, 1, 1], "uv": [24, 112]},
						{"origin": [-7, 19, -13], "size": [1, 1, 1], "uv": [24, 107]},
						{"origin": [-7, 23, -9], "size": [1, 1, 1], "uv": [24, 112]},
						{"origin": [-7, 20, -14], "size": [1, 1, 1], "uv": [24, 107]},
						{"origin": [-7, 24, -10], "size": [1, 1, 1], "uv": [24, 112]},
						{"origin": [-7, 21, -15], "size": [1, 1, 1], "uv": [24, 107]},
						{"origin": [-7, 22, -15], "size": [1, 1, 1], "uv": [24, 107]},
						{"origin": [-7, 23, -15], "size": [1, 1, 1], "uv": [24, 107]},
						{"origin": [-7, 24, -15], "size": [1, 1, 1], "uv": [24, 107]},
						{"origin": [-7, 25, -15], "size": [1, 1, 1], "uv": [24, 107]},
						{"origin": [-7, 24, -14], "size": [1, 1, 1], "uv": [34, 103]},
						{"origin": [-7, 24, -13], "size": [1, 1, 1], "uv": [34, 103]},
						{"origin": [-7, 24, -12], "size": [1, 1, 1], "uv": [34, 103]},
						{"origin": [-7, 24, -11], "size": [1, 1, 1], "uv": [34, 113]},
						{"origin": [-7, 23, -10], "size": [1, 1, 1], "uv": [34, 113]},
						{"origin": [-7, 21, -8], "size": [1, 1, 1], "uv": [34, 113]},
						{"origin": [-7, 22, -9], "size": [1, 1, 1], "uv": [34, 113]},
						{"origin": [-7, 19, -6], "size": [1, 1, 1], "uv": [34, 113]},
						{"origin": [-7, 18, -5], "size": [1, 1, 1], "uv": [34, 113]},
						{"origin": [-7, 18, -2], "size": [1, 1, 1], "uv": [24, 107]},
						{"origin": [-7, 17, -2], "size": [1, 1, 1], "uv": [24, 107]},
						{"origin": [-7, 17, -3], "size": [1, 1, 1], "uv": [24, 102]},
						{"origin": [-7, 18, -3], "size": [1, 1, 1], "uv": [34, 113]},
						{"origin": [-7, 16, -6], "size": [1, 1, 1], "uv": [34, 103]},
						{"origin": [-7, 15, -6], "size": [1, 1, 1], "uv": [34, 108]},
						{"origin": [-7, 16, -5], "size": [1, 1, 1], "uv": [34, 108]},
						{"origin": [-7, 15, -5], "size": [1, 1, 1], "uv": [34, 113]},
						{"origin": [-7, 13, -8], "size": [1, 1, 1], "uv": [34, 113]},
						{"origin": [-7, 12, -8], "size": [1, 1, 1], "uv": [24, 102]},
						{"origin": [-7, 13, -7], "size": [1, 1, 1], "uv": [24, 102]},
						{"origin": [-7, 16, -3], "size": [1, 1, 1], "uv": [24, 107]},
						{"origin": [-7, 17, -4], "size": [1, 1, 1], "uv": [24, 107]},
						{"origin": [-7, 16, -4], "size": [1, 1, 1], "uv": [24, 107]},
						{"origin": [-7, 15, -4], "size": [1, 1, 1], "uv": [24, 107]},
						{"origin": [-7, 14, -5], "size": [1, 1, 1], "uv": [24, 107]},
						{"origin": [-7, 14, -6], "size": [1, 1, 1], "uv": [24, 107]},
						{"origin": [-7, 13, -6], "size": [1, 1, 1], "uv": [24, 107]},
						{"origin": [-7, 12, -7], "size": [1, 1, 1], "uv": [24, 107]},
						{"origin": [-7, 14, -7], "size": [1, 1, 1], "uv": [24, 107]},
						{"origin": [-7, 15, -7], "size": [1, 1, 1], "uv": [24, 107]},
						{"origin": [-7, 17, -5], "size": [1, 1, 1], "uv": [24, 107]},
						{"origin": [-7, 20, -7], "size": [1, 1, 1], "uv": [34, 113]},
						{"origin": [-7, 21, -14], "size": [1, 1, 1], "uv": [34, 113]},
						{"origin": [-7, 20, -13], "size": [1, 1, 1], "uv": [34, 113]},
						{"origin": [-7, 19, -12], "size": [1, 1, 1], "uv": [34, 113]},
						{"origin": [-7, 18, -11], "size": [1, 1, 1], "uv": [34, 113]},
						{"origin": [-7, 17, -10], "size": [1, 1, 1], "uv": [34, 113]},
						{"origin": [-7, 16, -9], "size": [1, 1, 1], "uv": [34, 113]},
						{"origin": [-7, 15, -8], "size": [1, 1, 1], "uv": [34, 113]},
						{"origin": [-7, 22, -13], "size": [1, 1, 1], "uv": [34, 113]},
						{"origin": [-7, 21, -12], "size": [1, 1, 1], "uv": [34, 113]},
						{"origin": [-7, 20, -11], "size": [1, 1, 1], "uv": [34, 113]},
						{"origin": [-7, 19, -10], "size": [1, 1, 1], "uv": [34, 113]},
						{"origin": [-7, 18, -9], "size": [1, 1, 1], "uv": [34, 113]},
						{"origin": [-7, 17, -8], "size": [1, 1, 1], "uv": [34, 113]},
						{"origin": [-7, 16, -7], "size": [1, 1, 1], "uv": [24, 107]},
						{"origin": [-7, 23, -12], "size": [1, 1, 1], "uv": [34, 113]},
						{"origin": [-7, 22, -11], "size": [1, 1, 1], "uv": [34, 113]},
						{"origin": [-7, 21, -10], "size": [1, 1, 1], "uv": [34, 113]},
						{"origin": [-7, 20, -9], "size": [1, 1, 1], "uv": [34, 113]},
						{"origin": [-7, 19, -8], "size": [1, 1, 1], "uv": [34, 113]},
						{"origin": [-7, 18, -7], "size": [1, 1, 1], "uv": [34, 113]},
						{"origin": [-7, 17, -6], "size": [1, 1, 1], "uv": [24, 107]},
						{"origin": [-7, 19, -11], "size": [1, 1, 1], "uv": [34, 108]},
						{"origin": [-7, 18, -10], "size": [1, 1, 1], "uv": [34, 108]},
						{"origin": [-7, 17, -9], "size": [1, 1, 1], "uv": [34, 108]},
						{"origin": [-7, 16, -8], "size": [1, 1, 1], "uv": [34, 108]},
						{"origin": [-7, 21, -9], "size": [1, 1, 1], "uv": [34, 108]},
						{"origin": [-7, 20, -8], "size": [1, 1, 1], "uv": [34, 108]},
						{"origin": [-7, 19, -7], "size": [1, 1, 1], "uv": [34, 108]},
						{"origin": [-7, 18, -6], "size": [1, 1, 1], "uv": [34, 108]},
						{"origin": [-7, 23, -11], "size": [1, 1, 1], "uv": [34, 103]},
						{"origin": [-7, 22, -10], "size": [1, 1, 1], "uv": [34, 103]},
						{"origin": [-7, 23, -14], "size": [1, 1, 1], "uv": [34, 103]},
						{"origin": [-7, 22, -14], "size": [1, 1, 1], "uv": [34, 103]},
						{"origin": [-7, 21, -13], "size": [1, 1, 1], "uv": [34, 103]},
						{"origin": [-7, 20, -12], "size": [1, 1, 1], "uv": [34, 103]},
						{"origin": [-7, 23, -13], "size": [1, 1, 1], "uv": [24, 102]},
						{"origin": [-7, 22, -12], "size": [1, 1, 1], "uv": [24, 102]},
						{"origin": [-7, 21, -11], "size": [1, 1, 1], "uv": [24, 107]},
						{"origin": [-7, 20, -10], "size": [1, 1, 1], "uv": [24, 107]},
						{"origin": [-7, 19, -9], "size": [1, 1, 1], "uv": [24, 107]},
						{"origin": [-7, 18, -8], "size": [1, 1, 1], "uv": [24, 102]},
						{"origin": [-7, 17, -7], "size": [1, 1, 1], "uv": [24, 102]},
						{"origin": [-7, 25, -11], "size": [1, 1, 1], "uv": [24, 112]},
						{"origin": [-7, 25, -12], "size": [1, 1, 1], "uv": [24, 112]},
						{"origin": [-7, 25, -13], "size": [1, 1, 1], "uv": [24, 112]},
						{"origin": [-7, 25, -14], "size": [1, 1, 1], "uv": [24, 112]},
						{"origin": [-7, 10, -1], "size": [1, 1, 1], "uv": [24, 112]},
						{"origin": [-7, 10, -1], "size": [1, 1, 1], "uv": [24, 107]},
						{"origin": [-7, 10, -2], "size": [1, 1, 1], "uv": [24, 107]},
						{"origin": [-7, 11, -2], "size": [1, 1, 1], "uv": [24, 107]},
						{"origin": [-7, 11, -1], "size": [1, 1, 1], "uv": [24, 102]},
						{"origin": [-7, 12, -3], "size": [1, 1, 1], "uv": [24, 97]},
						{"origin": [-7, 13, -2], "size": [1, 1, 1], "uv": [24, 97]},
						{"origin": [-7, 14, -3], "size": [1, 1, 1], "uv": [24, 97]},
						{"origin": [-7, 12, -2], "size": [1, 1, 1], "uv": [33, 97]},
						{"origin": [-7, 13, -3], "size": [1, 1, 1], "uv": [33, 97]},
						{"origin": [-7, 14, -4], "size": [1, 1, 1], "uv": [33, 97]},
						{"origin": [-7, 13, -4], "size": [1, 1, 1], "uv": [24, 97]},
						{"origin": [-7, 11, 0], "size": [1, 1, 1], "uv": [24, 112]},
						{"origin": [-7, 12, 0], "size": [1, 1, 1], "uv": [24, 112]},
						{"origin": [-7, 12, -1], "size": [1, 1, 1], "uv": [24, 112]}
					]
				},
				{
					"name": "leftleg",
					"parent": "all",
					"pivot": [1.9, 12, 0],
					"cubes": [
						{"origin": [-0.1, 0, -2], "size": [4, 12, 4], "uv": [0, 16], "mirror": true},
						{"origin": [-0.1, 0, -2], "size": [4, 12, 4], "inflate": 0.25, "uv": [0, 32], "mirror": true}
					]
				},
				{
					"name": "rightleg",
					"parent": "all",
					"pivot": [-1.9, 12, 0],
					"cubes": [
						{"origin": [-3.9, 0, -2], "size": [4, 12, 4], "uv": [0, 16]},
						{"origin": [-3.9, 0, -2], "size": [4, 12, 4], "inflate": 0.25, "uv": [0, 32]}
					]
				}
			]
		}
	]
}