{
	"format_version": "1.12.0",
	"minecraft:geometry": [
		{
			"description": {
				"identifier": "geometry.intruder",
				"texture_width": 64,
				"texture_height": 32,
				"visible_bounds_width": 3,
				"visible_bounds_height": 3.5,
				"visible_bounds_offset": [0, 1.25, 0]
			},
			"bones": [
				{
					"name": "all",
					"pivot": [0, 0, 0]
				},
				{
					"name": "torso",
					"parent": "all",
					"pivot": [0, 7, 0]
				},
				{
					"name": "head",
					"parent": "torso",
					"pivot": [0, 20, 0.5],
					"cubes": [
						{"origin": [-4, 15, -7], "size": [8, 8, 6], "uv": [0, 0]}
					]
				},
				{
					"name": "body",
					"parent": "torso",
					"pivot": [0, 19, 2],
					"rotation": [90, 0, 0],
					"cubes": [
						{"origin": [-6, 11, -4], "size": [12, 18, 10], "pivot": [0, 21, 0], "rotation": [-90, 0, 0], "uv": [18, 4]}
					]
				},
				{
					"name": "leftlegfront",
					"parent": "all",
					"pivot": [4, 12, -4],
					"cubes": [
						{"origin": [1, 0, -7], "size": [5, 12, 4], "inflate": 0.01, "uv": [0, 16], "mirror": true}
					]
				},
				{
					"name": "rightlegfront",
					"parent": "all",
					"pivot": [-4, 12, -4],
					"cubes": [
						{"origin": [-6, 0, -7], "size": [5, 12, 4], "inflate": 0.01, "uv": [0, 16]}
					]
				},
				{
					"name": "leftlegback",
					"parent": "all",
					"pivot": [4, 12, 6],
					"cubes": [
						{"origin": [1, 0, 5], "size": [5, 12, 4], "inflate": -0.01, "uv": [0, 16], "mirror": true}
					]
				},
				{
					"name": "rightlegback",
					"parent": "all",
					"pivot": [-4, 12, 6],
					"cubes": [
						{"origin": [-6, 0, 5], "size": [5, 12, 4], "inflate": -0.01, "uv": [0, 16]}
					]
				}
			]
		}
	]
}