{
	"format_version": "1.12.0",
	"minecraft:geometry": [
		{
			"description": {
				"identifier": "geometry.petricrawler",
				"texture_width": 64,
				"texture_height": 64,
				"visible_bounds_width": 3,
				"visible_bounds_height": 5,
				"visible_bounds_offset": [0, 1.5, 0]
			},
			"bones": [
				{
					"name": "all",
					"pivot": [0, -0.5, 6],
					"rotation": [45, 0, 0]
				},
				{
					"name": "body",
					"parent": "all",
					"pivot": [0, 0.5, 6],
					"cubes": [
						{"origin": [-4, 0.5, 4], "size": [8, 10, 4], "inflate": 0.01, "uv": [16, 18]},
						{"origin": [-4, -1.5, 4], "size": [8, 12, 4], "inflate": 0.4, "uv": [16, 32]}
					]
				},
				{
					"name": "upperparts",
					"parent": "body",
					"pivot": [0, 10.5, 6]
				},
				{
					"name": "head",
					"parent": "upperparts",
					"pivot": [0, 11.5, 5],
					"rotation": [-45, 0, 0],
					"cubes": [
						{"origin": [-4, 11.5, 1], "size": [8, 8, 8], "uv": [0, 0]}
					]
				},
				{
					"name": "botharms",
					"parent": "upperparts",
					"pivot": [0, 10.5, 6]
				},
				{
					"name": "leftarm",
					"parent": "botharms",
					"pivot": [5, 10.5, 6],
					"rotation": [-70, 2.5, 0],
					"cubes": [
						{"origin": [4, 0.5, 4], "size": [4, 10, 4], "uv": [40, 16], "mirror": true},
						{"origin": [4, 0.5, 4], "size": [4, 10, 4], "inflate": 0.32, "uv": [40, 30], "mirror": true}
					]
				},
				{
					"name": "rightarm",
					"parent": "botharms",
					"pivot": [-5, 10.5, 6],
					"rotation": [-70, -2.5, 0],
					"cubes": [
						{"origin": [-8, 0.5, 4], "size": [4, 10, 4], "uv": [40, 16]},
						{"origin": [-8, 0.5, 4], "size": [4, 10, 4], "inflate": 0.32, "uv": [40, 30]}
					]
				}
			]
		}
	]
}