{
	"format_version": "1.12.0",
	"minecraft:geometry": [
		{
			"description": {
				"identifier": "geometry.petriboulder",
				"texture_width": 64,
				"texture_height": 64,
				"visible_bounds_width": 3,
				"visible_bounds_height": 4.5,
				"visible_bounds_offset": [0, 1.75, 0]
			},
			"bones": [
				{
					"name": "all",
					"pivot": [0, 0, 0]
				},
				{
					"name": "body",
					"parent": "all",
					"pivot": [0, 10, 0],
					"cubes": [
						{"origin": [-4, 10, -2], "size": [8, 10, 4], "inflate": 0.01, "uv": [16, 18]},
						{"origin": [-4, 8, -2], "size": [8, 12, 4], "inflate": 0.4, "uv": [16, 32]}
					]
				},
				{
					"name": "upperparts",
					"parent": "body",
					"pivot": [0, 20, 0]
				},
				{
					"name": "head",
					"parent": "upperparts",
					"pivot": [0, 20, 0],
					"cubes": [
						{"origin": [-4, 20, -4], "size": [8, 8, 8], "uv": [0, 0]}
					]
				},
				{
					"name": "botharms",
					"parent": "upperparts",
					"pivot": [0, 20, 0]
				},
				{
					"name": "boulder",
					"parent": "botharms",
					"pivot": [0, 30, 0],
					"cubes": [
						{"origin": [-4, 32, -4], "size": [8, 8, 8], "inflate": 3, "uv": [0, 48]}
					]
				},
				{
					"name": "leftarm",
					"parent": "botharms",
					"pivot": [5, 20, 0],
					"rotation": [180, 2.5, 0],
					"cubes": [
						{"origin": [4, 10, -2], "size": [4, 10, 4], "uv": [40, 16], "mirror": true},
						{"origin": [4, 10, -2], "size": [4, 10, 4], "inflate": 0.32, "uv": [40, 30], "mirror": true}
					]
				},
				{
					"name": "rightarm",
					"parent": "botharms",
					"pivot": [-5, 20, 0],
					"rotation": [180, -2.5, 0],
					"cubes": [
						{"origin": [-8, 10, -2], "size": [4, 10, 4], "uv": [40, 16]},
						{"origin": [-8, 10, -2], "size": [4, 10, 4], "inflate": 0.32, "uv": [40, 30]}
					]
				},
				{
					"name": "leftleg",
					"parent": "all",
					"pivot": [1.9, 10, 0],
					"cubes": [
						{"origin": [0, 0, -2], "size": [4, 10, 4], "uv": [0, 16], "mirror": true}
					]
				},
				{
					"name": "rightleg",
					"parent": "all",
					"pivot": [-1.9, 10, 0],
					"cubes": [
						{"origin": [-4, 0, -2], "size": [4, 10, 4], "uv": [0, 16]}
					]
				}
			]
		}
	]
}