{
	"format_version": "1.12.0",
	"minecraft:geometry": [
		{
			"description": {
				"identifier": "geometry.propeller",
				"texture_width": 64,
				"texture_height": 64,
				"visible_bounds_width": 3,
				"visible_bounds_height": 3.5,
				"visible_bounds_offset": [0, 1.25, 0]
			},
			"bones": [
				{
					"name": "all",
					"pivot": [0, 0, 0]
				},
				{
					"name": "body",
					"parent": "all",
					"pivot": [0, 8, 0],
					"cubes": [
						{"origin": [-4, 8, -2], "size": [8, 8, 4], "uv": [16, 16]}
					]
				},
				{
					"name": "head",
					"parent": "body",
					"pivot": [0, 16, 0],
					"cubes": [
						{"origin": [-4, 16, -4], "size": [8, 8, 8], "inflate": 0.01, "uv": [0, 0]},
						{"origin": [-1, 23, -1], "size": [2, 4, 2], "uv": [56, 34]}
					]
				},
				{
					"name": "propellor",
					"parent": "head",
					"pivot": [0, 24, 0],
					"cubes": [
						{"origin": [-1, 25, -7], "size": [2, 1, 14], "inflate": 0.01, "uv": [32, 1]},
						{"origin": [-1, 25, -7], "size": [2, 1, 14], "pivot": [0, 25, 0], "rotation": [0, -90, 0], "uv": [32, 1]}
					]
				},
				{
					"name": "leftarm",
					"parent": "head",
					"pivot": [4, 14.5, -0.5],
					"cubes": [
						{"origin": [4, 7, -2], "size": [3, 9, 3], "uv": [42, 17], "mirror": true}
					]
				},
				{
					"name": "rightarm",
					"parent": "head",
					"pivot": [-5, 14, 0],
					"cubes": [
						{"origin": [-8, 5, -2], "size": [4, 11, 4], "uv": [0, 33]}
					]
				},
				{
					"name": "leftleg",
					"parent": "all",
					"pivot": [1.9, 8, 0.5],
					"cubes": [
						{"origin": [0.9, 0, -1.5], "size": [3, 8, 3], "uv": [2, 21], "mirror": true}
					]
				},
				{
					"name": "rightleg",
					"parent": "all",
					"pivot": [-1.9, 8, 0.5],
					"cubes": [
						{"origin": [-3.9, 0, -1.5], "size": [3, 8, 3], "uv": [2, 21]}
					]
				}
			]
		}
	]
}