{
	"format_version": "1.12.0",
	"minecraft:geometry": [
		{
			"description": {
				"identifier": "geometry.rancher",
				"texture_width": 64,
				"texture_height": 64,
				"visible_bounds_width": 3,
				"visible_bounds_height": 3.5,
				"visible_bounds_offset": [0, 1.25, 0]
			},
			"bones": [
				{
					"name": "all",
					"pivot": [0, 0, 0]
				},
				{
					"name": "goblin",
					"parent": "all",
					"pivot": [-0.25, 10, 4]
				},
				{
					"name": "torso",
					"parent": "goblin",
					"pivot": [-0.25, 12, 4],
					"rotation": [22.5, 0, 0],
					"cubes": [
						{"origin": [-3.25, 11.25, 2], "size": [6, 4, 4], "inflate": 0.4, "uv": [24, 0]},
						{"origin": [-3.25, 13, 2], "size": [6, 8, 4], "inflate": 0.01, "uv": [14, 16]}
					]
				},
				{
					"name": "head",
					"parent": "torso",
					"pivot": [-0.25, 21, 4],
					"rotation": [-22.5, 0, 0],
					"cubes": [
						{"origin": [-4.25, 21, 0], "size": [8, 8, 8], "uv": [0, 0]}
					]
				},
				{
					"name": "hat",
					"parent": "head",
					"pivot": [-0.25, 27.25, 4],
					"cubes": [
						{"origin": [-5.25, 27, -2], "size": [10, 0, 2], "pivot": [-0.25, 27, 0], "rotation": [22.5, 0, 0], "uv": [40, 45]},
						{"origin": [-5.25, 27, 0], "size": [10, 0, 8], "uv": [34, 38]},
						{"origin": [-5.25, 27, 8], "size": [10, 0, 2], "pivot": [-0.25, 27, 8], "rotation": [-22.5, 0, 0], "uv": [40, 36]},
						{"origin": [-4.25, 27.15, 0], "size": [8, 2, 8], "inflate": 0.25, "uv": [0, 54]}
					]
				},
				{
					"name": "nose",
					"parent": "head",
					"pivot": [-0.25, 24.5, 0],
					"cubes": [
						{"origin": [-2.25, 21, -2], "size": [4, 4, 2], "uv": [33, 8]}
					]
				},
				{
					"name": "earleft",
					"parent": "head",
					"pivot": [3.75, 24, 4],
					"cubes": [
						{"origin": [3.75, 21, 2], "size": [1, 8, 4], "pivot": [4.75, 25, 4], "rotation": [0, 0, 27.5], "uv": [46, 2]}
					]
				},
				{
					"name": "earright",
					"parent": "head",
					"pivot": [-4.25, 24, 4],
					"cubes": [
						{"origin": [-5.25, 21, 2], "size": [1, 8, 4], "pivot": [-5.25, 25, 4], "rotation": [0, 0, -27.5], "uv": [46, 2], "mirror": true}
					]
				},
				{
					"name": "leftarm",
					"parent": "torso",
					"pivot": [2.75, 21.5, 4],
					"rotation": [-45, 22.5, -2.5],
					"cubes": [
						{"origin": [2.75, 12, 2.5], "size": [3, 9, 3], "uv": [34, 16]},
						{"origin": [2.75, 12, 3.5], "size": [2, 9, 2], "inflate": -0.05, "uv": [46, 17]}
					]
				},
				{
					"name": "rightarm",
					"parent": "torso",
					"pivot": [-3.25, 21.5, 4],
					"rotation": [-45, -25, 2.5],
					"cubes": [
						{"origin": [-6.25, 12, 2.5], "size": [3, 9, 3], "uv": [34, 16], "mirror": true},
						{"origin": [-5.25, 12, 3.5], "size": [2, 9, 2], "inflate": -0.05, "uv": [46, 17], "mirror": true}
					]
				},
				{
					"name": "leftleg",
					"parent": "goblin",
					"pivot": [0.75, 12, 4],
					"rotation": [-90, -45, 0],
					"cubes": [
						{"origin": [-0.25, 4.5, 2], "size": [3, 8, 4], "uv": [0, 16]},
						{"origin": [0.75, 5, 3], "size": [2, 8, 2], "inflate": -0.05, "uv": [56, 18]}
					]
				},
				{
					"name": "rightleg",
					"parent": "goblin",
					"pivot": [-1.25, 12, 4],
					"rotation": [-90, 45, 0],
					"cubes": [
						{"origin": [-3.25, 4.5, 2], "size": [3, 8, 4], "uv": [0, 16], "mirror": true},
						{"origin": [-3.25, 5, 3], "size": [2, 8, 2], "inflate": -0.05, "uv": [56, 18], "mirror": true}
					]
				},
				{
					"name": "slime",
					"parent": "all",
					"pivot": [0, 12, 0]
				},
				{
					"name": "outer",
					"parent": "slime",
					"pivot": [0, 5, 0],
					"cubes": [
						{"origin": [-5, 0, -5], "size": [10, 10, 10], "uv": [0, 28]},
						{"origin": [-4, 10, -4], "size": [8, 2, 1], "uv": [46, 15]},
						{"origin": [-4, 10, -4], "size": [8, 2, 1], "uv": [46, 15]}
					]
				},
				{
					"name": "inner",
					"parent": "slime",
					"pivot": [0, 5, 0],
					"cubes": [
						{"origin": [-4, 1, -4], "size": [8, 8, 8], "uv": [32, 48]},
						{"origin": [-3.3, 4, -4.5], "size": [2, 2, 2], "uv": [56, 0]},
						{"origin": [-2.3, 7, -4.5], "size": [2, 1, 2], "pivot": [-2.25, 7.5, -4], "rotation": [0, 0, 45], "uv": [56, 9]},
						{"origin": [0.3, 7, -4.5], "size": [2, 1, 2], "pivot": [2.25, 7.5, -4], "rotation": [0, 0, -45], "uv": [56, 9], "mirror": true},
						{"origin": [1.3, 4, -4.5], "size": [2, 2, 2], "uv": [56, 0]},
						{"origin": [0, 2, -4.5], "size": [1, 1, 1], "uv": [56, 13]}
					]
				}
			]
		}
	]
}