{
	"format_version": "1.12.0",
	"minecraft:geometry": [
		{
			"description": {
				"identifier": "geometry.senior_zombie",
				"texture_width": 128,
				"texture_height": 128,
				"visible_bounds_width": 3,
				"visible_bounds_height": 4.5,
				"visible_bounds_offset": [0, 1.75, 0]
			},
			"bones": [
				{
					"name": "all",
					"pivot": [0, 0, 0]
				},
				{
					"name": "torso",
					"parent": "all",
					"pivot": [0, 17, -1]
				},
				{
					"name": "body",
					"parent": "torso",
					"pivot": [0, 18, 2],
					"cubes": [
						{"origin": [-8, 18, -2], "size": [16, 20, 8], "inflate": 0.01, "pivot": [0, 18, 3], "rotation": [25, 0, 0], "uv": [0, 0]}
					]
				},
				{
					"name": "head",
					"parent": "body",
					"pivot": [0, 34, -10],
					"cubes": [
						{"origin": [-4, 34, -15], "size": [8, 8, 8], "uv": [0, 58]},
						{"origin": [-4, 29, -15], "size": [8, 8, 4], "inflate": 0.05, "uv": [0, 75]}
					]
				},
				{
					"name": "leftarm",
					"parent": "body",
					"pivot": [8, 33, -7],
					"cubes": [
						{"origin": [8, 15, -9], "size": [6, 20, 8], "pivot": [8, 33, -7], "rotation": [47.5, 0, 0], "uv": [0, 29], "mirror": true}
					]
				},
				{
					"name": "rightarm",
					"parent": "body",
					"pivot": [-8, 33, -7],
					"cubes": [
						{"origin": [-14, 15, -9], "size": [6, 20, 8], "uv": [29, 29]}
					]
				},
				{
					"name": "cane",
					"parent": "rightarm",
					"pivot": [-11, 15, -6],
					"cubes": [
						{"origin": [-13, 0, -7], "size": [4, 15, 4], "uv": [58, 31]},
						{"origin": [-13, 13, -9], "size": [4, 2, 2], "uv": [58, 25]}
					]
				},
				{
					"name": "leftleg",
					"parent": "all",
					"pivot": [2.5, 18, 0],
					"cubes": [
						{"origin": [-0.1, 0, -2], "size": [8, 18, 7], "uv": [49, 0], "mirror": true}
					]
				},
				{
					"name": "rightleg",
					"parent": "all",
					"pivot": [-2.5, 18, 0],
					"cubes": [
						{"origin": [-7.9, 0, -2], "size": [8, 18, 7], "uv": [51, 51]}
					]
				}
			]
		}
	]
}