{
	"format_version": "1.12.0",
	"minecraft:geometry": [
		{
			"description": {
				"identifier": "geometry.silverpet",
				"texture_width": 64,
				"texture_height": 32,
				"visible_bounds_width": 3,
				"visible_bounds_height": 1.5,
				"visible_bounds_offset": [0, 0.25, 0]
			},
			"bones": [
				{
					"name": "all",
					"pivot": [0, 0, 1]
				},
				{
					"name": "head",
					"parent": "all",
					"pivot": [0, 2, -3.5],
					"cubes": [
						{"origin": [-1.5, 0, -4.5], "size": [3, 2, 2], "uv": [0, 0]}
					]
				},
				{
					"name": "neck",
					"parent": "head",
					"pivot": [0, 3, -1.5],
					"cubes": [
						{"origin": [-2, 0, -2.5], "size": [4, 3, 2], "uv": [0, 4]}
					]
				},
				{
					"name": "neckfluff",
					"parent": "neck",
					"pivot": [0, 5, -1.5],
					"cubes": [
						{"origin": [-3, 0, -3], "size": [6, 5, 2], "uv": [20, 18]}
					]
				},
				{
					"name": "middle",
					"parent": "neck",
					"pivot": [0, 0, 0],
					"cubes": [
						{"origin": [-3, 0, -0.5], "size": [6, 4, 3], "uv": [0, 9]}
					]
				},
				{
					"name": "middlefluff",
					"parent": "middle",
					"pivot": [0, 8, 1],
					"cubes": [
						{"origin": [-5, 0, -0.5], "size": [10, 8, 3], "uv": [20, 0]}
					]
				},
				{
					"name": "butt",
					"parent": "middle",
					"pivot": [0, 3, 4],
					"cubes": [
						{"origin": [-1.5, 0, 2.5], "size": [3, 3, 3], "uv": [0, 16]}
					]
				},
				{
					"name": "tail",
					"parent": "butt",
					"pivot": [0, 2, 7],
					"cubes": [
						{"origin": [-1, 0, 5.5], "size": [2, 2, 3], "uv": [0, 22]}
					]
				},
				{
					"name": "tailfluff",
					"parent": "tail",
					"pivot": [0, 4, 7],
					"cubes": [
						{"origin": [-3, 0, 5.5], "size": [6, 4, 3], "uv": [20, 11]}
					]
				},
				{
					"name": "tailend",
					"parent": "tail",
					"pivot": [0, 1, 9.5],
					"cubes": [
						{"origin": [-1, 0, 8.5], "size": [2, 1, 2], "uv": [11, 0]}
					]
				},
				{
					"name": "nail",
					"parent": "tailend",
					"pivot": [0, 1, 11.5],
					"cubes": [
						{"origin": [-0.5, 0, 10.5], "size": [1, 1, 2], "uv": [13, 4]}
					]
				}
			]
		}
	]
}