{
	"format_version": "1.12.0",
	"minecraft:geometry": [
		{
			"description": {
				"identifier": "geometry.spectre",
				"texture_width": 64,
				"texture_height": 64,
				"visible_bounds_width": 3,
				"visible_bounds_height": 3.5,
				"visible_bounds_offset": [0, 1.25, 0]
			},
			"bones": [
				{
					"name": "all",
					"pivot": [0, 0, 0]
				},
				{
					"name": "body",
					"parent": "all",
					"pivot": [0, 24, 0],
					"rotation": [12.5, 0, 0],
					"cubes": [
						{"origin": [-4, 4, -2], "size": [8, 20, 4], "inflate": 0.2, "uv": [16, 40]},
						{"origin": [-4, 8, -2], "size": [8, 16, 4], "uv": [16, 16]}
					]
				},
				{
					"name": "head",
					"parent": "all",
					"pivot": [0, 24, 0],
					"cubes": [
						{"origin": [-4, 24, -4], "size": [8, 8, 8], "uv": [0, 0]},
						{"origin": [2, 28.5, -4.5], "size": [1, 8, 2], "pivot": [2, 29, -4], "rotation": [45, 0, 0], "uv": [0, 49], "mirror": true},
						{"origin": [-3, 28.5, -4.5], "size": [1, 8, 2], "pivot": [-2, 29, -4], "rotation": [45, 0, 0], "uv": [0, 49]},
						{"origin": [-4, 24, -4], "size": [8, 8, 8], "inflate": 0.5, "uv": [32, 0]}
					]
				},
				{
					"name": "rightarm",
					"parent": "all",
					"pivot": [-4, 21, 0],
					"rotation": [-2.5, 5, 20],
					"cubes": [
						{"origin": [-6.76604, 10.1084, -2.29348], "size": [2, 12, 2], "uv": [0, 16]},
						{"origin": [-7.76604, 10.1084, -2.29348], "size": [4, 12, 5], "inflate": 0.2, "uv": [42, 16]}
					]
				},
				{
					"name": "leftarm",
					"parent": "all",
					"pivot": [4, 21, 0],
					"rotation": [-2.5, -5, -20],
					"cubes": [
						{"origin": [4.76604, 10.1084, -2.29348], "size": [2, 12, 2], "uv": [0, 16], "mirror": true},
						{"origin": [3.76604, 10.1084, -2.29348], "size": [4, 12, 5], "inflate": 0.2, "uv": [42, 16], "mirror": true}
					]
				}
			]
		}
	]
}