{
	"format_version": "1.8.0",
	"animations": {
		"idle": {
			"loop": true,
			"animation_length": 8,
			"bones": {
				"all": {
					"scale": {
						"0.0": {
							"vector": [1, 1, 1]
						},
						"2.0": {
							"vector": [1, 0.99, 1],
							"easing": "easeInOutSine"
						},
						"4.0": {
							"vector": [1, 1, 1],
							"easing": "easeInOutSine"
						},
						"6.0": {
							"vector": [1, 0.99, 1],
							"easing": "easeInOutSine"
						},
						"8.0": {
							"vector": [1, 1, 1],
							"easing": "easeInOutSine"
						}
					}
				},
				"torso": {
					"rotation": {
						"0.0": {
							"vector": [0, 0, 0]
						},
						"4.0": {
							"vector": [0, 0, 0],
							"easing": "easeInOutSine"
						},
						"8.0": {
							"vector": [0, 0, 0],
							"easing": "easeInOutSine"
						}
					}
				},
				"head": {
					"rotation": {
						"0.0": {
							"vector": [0, 0, 0]
						},
						"2.0": {
							"vector": [2.5, 0, 0],
							"easing": "easeInOutSine"
						},
						"4.1667": {
							"vector": [-1, 0, 0]
						},
						"5.0": {
							"vector": [23.25, 0, 0],
							"easing": "easeInOutSine"
						},
						"5.25": {
							"vector": [15.75, 0, 0],
							"easing": "easeInOutSine"
						},
						"5.5": {
							"vector": [23.25, 0, 0],
							"easing": "easeInOutSine"
						},
						"5.75": {
							"vector": [15.75, 0, 0],
							"easing": "easeInOutSine"
						},
						"6.0": {
							"vector": [25, 0, 0],
							"easing": "easeInOutSine"
						},
						"7.0": {
							"vector": [2.5, 0, 0],
							"easing": "easeInOutQuart"
						},
						"8.0": {
							"vector": [0, 0, 0],
							"easing": "easeInOutSine"
						}
					}
				},
				"nose": {
					"rotation": {
						"0.0": {
							"vector": [0, 0, 0]
						},
						"2.0": {
							"vector": [-5, 0, 0],
							"easing": "easeInOutSine"
						},
						"4.0": {
							"vector": [0, 0, 0],
							"easing": "easeInOutSine"
						},
						"4.1667": {
							"vector": [-0.09, 0, 0]
						},
						"5.0": {
							"vector": [-24.7, 0, 0],
							"easing": "easeInOutQuart"
						},
						"5.1667": {
							"vector": [-45.88, 0, 0],
							"easing": "easeInOutSine"
						},
						"5.5": {
							"vector": [-24.7, 0, 0],
							"easing": "easeInOutQuart"
						},
						"5.6667": {
							"vector": [-45.88, 0, 0],
							"easing": "easeInOutSine"
						},
						"6.3333": {
							"vector": [-5, 0, 0],
							"easing": "easeInOutSine"
						},
						"8.0": {
							"vector": [0, 0, 0],
							"easing": "easeInOutSine"
						}
					}
				},
				"earleft": {
					"rotation": {
						"0.0": {
							"vector": [0, 0, 0]
						},
						"7.25": {
							"vector": [0, 0, 0],
							"easing": "easeInOutSine"
						},
						"7.3333": {
							"vector": [0, 0, 20],
							"easing": "easeInOutSine"
						},
						"7.4167": {
							"vector": [0, 0, 0],
							"easing": "easeInOutSine"
						},
						"8.0": {
							"vector": [0, 0, 0],
							"easing": "easeInOutSine"
						}
					}
				},
				"earright": {
					"rotation": {
						"0.0": {
							"vector": [0, 0, 0]
						},
						"8.0": {
							"vector": [0, 0, 0],
							"easing": "easeInOutSine"
						}
					}
				},
				"leftarm": {
					"rotation": {
						"0.0": {
							"vector": [0, 0, 0]
						},
						"2.0": {
							"vector": [0, 0, -2.5],
							"easing": "easeInOutSine"
						},
						"4.0": {
							"vector": [0, 0, 0],
							"easing": "easeInOutSine"
						},
						"8.0": {
							"vector": [0, 0, 0],
							"easing": "easeInOutSine"
						}
					},
					"position": {
						"0.0": {
							"vector": [0, 0, 0]
						},
						"4.0": {
							"vector": [0, 0, 0],
							"easing": "easeInOutSine"
						},
						"8.0": {
							"vector": [0, 0, 0]
						}
					}
				},
				"rightarm": {
					"rotation": {
						"0.0": {
							"vector": [0, 0, 0]
						},
						"2.0": {
							"vector": [0, 0, 2.5],
							"easing": "easeInOutSine"
						},
						"4.0": {
							"vector": [0, 0, 0],
							"easing": "easeInOutSine"
						},
						"8.0": {
							"vector": [0, 0, 0],
							"easing": "easeInOutSine"
						}
					},
					"position": {
						"0.0": {
							"vector": [0, 0, 0]
						},
						"4.0": {
							"vector": [0, 0, 0],
							"easing": "easeInOutSine"
						},
						"8.0": {
							"vector": [0, 0, 0]
						}
					}
				},
				"botharms": {
					"rotation": {
						"0.0": {
							"vector": [0, 0, 0]
						},
						"4.0": {
							"vector": [0, 0, 0],
							"easing": "easeInOutSine"
						},
						"5.0": {
							"vector": [-22.5, 0, 0],
							"easing": "easeInSine"
						},
						"6.0": {
							"vector": [-25, 0, 0],
							"easing": "easeOutSine"
						},
						"7.0": {
							"vector": [0, 0, 0],
							"easing": "easeInOutSine"
						}
					}
				},
				"cake": {
					"rotation": {
						"0.0": {
							"vector": [0, 0, 0]
						},
						"2.0": {
							"vector": [2.5, 0, 0],
							"easing": "easeInOutSine"
						},
						"4.0": {
							"vector": [0, 0, 0],
							"easing": "easeInOutSine"
						}
					},
					"scale": {
						"0.0": {
							"vector": [1, 1, 1]
						},
						"2.0": {
							"vector": [1.05, 1, 1],
							"easing": "easeInOutSine"
						},
						"4.0": {
							"vector": [1, 1, 1],
							"easing": "easeInOutSine"
						}
					}
				}
			}
		},
		"walk2": {
			"loop": true,
			"animation_length": 1,
			"bones": {
				"all": {
					"rotation": {
						"0.0": {
							"vector": [0, 0, 0]
						},
						"0.25": {
							"vector": [0, 0, -2],
							"easing": "easeOutSine"
						},
						"0.75": {
							"vector": [0, 0, 2],
							"easing": "easeInOutSine"
						},
						"1.0": {
							"vector": [0, 0, 0],
							"easing": "easeInSine"
						}
					},
					"position": {
						"0.0": {
							"vector": [0, 0, 0]
						},
						"0.25": {
							"vector": [0, -0.5, 0],
							"easing": "easeInOutSine"
						},
						"0.5": {
							"vector": [0, 0, 0],
							"easing": "easeInOutSine"
						},
						"0.75": {
							"vector": [0, -0.5, 0],
							"easing": "easeInOutSine"
						},
						"1.0": {
							"vector": [0, 0, 0],
							"easing": "easeInOutSine"
						}
					}
				},
				"nose": {
					"rotation": {
						"0.0": {
							"vector": [0, 0, 0]
						},
						"0.25": {
							"vector": [0, 0, 2.5],
							"easing": "easeOutSine"
						},
						"0.75": {
							"vector": [0, 0, -2.5],
							"easing": "easeInOutSine"
						},
						"1.0": {
							"vector": [0, 0, 0],
							"easing": "easeInSine"
						}
					}
				},
				"leftarm": {
					"rotation": {
						"0.0": {
							"vector": [0, 0, 0]
						},
						"0.25": {
							"vector": [22.5, 0, 0],
							"easing": "easeOutSine"
						},
						"0.75": {
							"vector": [-22.5, 0, 0],
							"easing": "easeInOutSine"
						},
						"1.0": {
							"vector": [0, 0, 0],
							"easing": "easeInSine"
						}
					}
				},
				"rightarm": {
					"rotation": {
						"0.0": {
							"vector": [0, 0, 0]
						},
						"0.25": {
							"vector": [-22.5, 0, 0],
							"easing": "easeOutSine"
						},
						"0.75": {
							"vector": [22.5, 0, 0],
							"easing": "easeInOutSine"
						},
						"1.0": {
							"vector": [0, 0, 0],
							"easing": "easeInSine"
						}
					}
				},
				"leftleg": {
					"rotation": {
						"0.0": {
							"vector": [0, 0, 0]
						},
						"0.25": {
							"vector": [-45, 0, 0],
							"easing": "easeOutSine"
						},
						"0.75": {
							"vector": [45, 0, 0],
							"easing": "easeInOutSine"
						},
						"1.0": {
							"vector": [0, 0, 0],
							"easing": "easeInSine"
						}
					}
				},
				"rightleg": {
					"rotation": {
						"0.0": {
							"vector": [0, 0, 0]
						},
						"0.25": {
							"vector": [45, 0, 0],
							"easing": "easeOutSine"
						},
						"0.75": {
							"vector": [-45, 0, 0],
							"easing": "easeInOutSine"
						},
						"1.0": {
							"vector": [0, 0, 0],
							"easing": "easeInSine"
						}
					}
				}
			}
		},
		"walk": {
			"loop": true,
			"animation_length": 1,
			"bones": {
				"all": {
					"rotation": {
						"0.0": {
							"vector": [0, 0, 0]
						},
						"0.25": {
							"vector": [0, 0, -2],
							"easing": "easeOutSine"
						},
						"0.75": {
							"vector": [0, 0, 2],
							"easing": "easeInOutSine"
						},
						"1.0": {
							"vector": [0, 0, 0],
							"easing": "easeInSine"
						}
					},
					"position": {
						"0.0": {
							"vector": [0, 0, 0]
						},
						"0.25": {
							"vector": [0, -0.5, 0],
							"easing": "easeInOutSine"
						},
						"0.5": {
							"vector": [0, 0, 0],
							"easing": "easeInOutSine"
						},
						"0.75": {
							"vector": [0, -0.5, 0],
							"easing": "easeInOutSine"
						},
						"1.0": {
							"vector": [0, 0, 0],
							"easing": "easeInOutSine"
						}
					}
				},
				"nose": {
					"rotation": {
						"0.0": {
							"vector": [0, 0, 0]
						},
						"0.25": {
							"vector": [0, 0, 2.5],
							"easing": "easeOutSine"
						},
						"0.75": {
							"vector": [0, 0, -2.5],
							"easing": "easeInOutSine"
						},
						"1.0": {
							"vector": [0, 0, 0],
							"easing": "easeInSine"
						}
					}
				},
				"leftleg": {
					"rotation": {
						"0.0": {
							"vector": [0, 0, 0]
						},
						"0.25": {
							"vector": [-45, 0, 0],
							"easing": "easeOutSine"
						},
						"0.75": {
							"vector": [45, 0, 0],
							"easing": "easeInOutSine"
						},
						"1.0": {
							"vector": [0, 0, 0],
							"easing": "easeInSine"
						}
					}
				},
				"rightleg": {
					"rotation": {
						"0.0": {
							"vector": [0, 0, 0]
						},
						"0.25": {
							"vector": [45, 0, 0],
							"easing": "easeOutSine"
						},
						"0.75": {
							"vector": [-45, 0, 0],
							"easing": "easeInOutSine"
						},
						"1.0": {
							"vector": [0, 0, 0],
							"easing": "easeInSine"
						}
					}
				},
				"earleft": {
					"rotation": {
						"0.0": {
							"vector": [0, 0, 0]
						},
						"0.3333": {
							"vector": [0, 0, -5],
							"easing": "easeOutSine"
						},
						"0.6667": {
							"vector": [0, 0, 15],
							"easing": "easeInOutSine"
						},
						"1.0": {
							"vector": [0, 0, 0],
							"easing": "easeInSine"
						}
					}
				},
				"earright": {
					"rotation": {
						"0.0": {
							"vector": [0, 0, 0]
						},
						"0.3333": {
							"vector": [0, 0, -15],
							"easing": "easeOutSine"
						},
						"0.6667": {
							"vector": [0, 0, 5],
							"easing": "easeInOutSine"
						},
						"1.0": {
							"vector": [0, 0, 0],
							"easing": "easeInSine"
						}
					}
				},
				"botharms": {
					"rotation": {
						"0.0": {
							"vector": [0, 0, 0]
						},
						"0.5": {
							"vector": [-5, 0, 0],
							"easing": "easeInOutSine"
						},
						"1.0": {
							"vector": [0, 0, 0],
							"easing": "easeInOutSine"
						}
					}
				}
			}
		},
		"sprint": {
			"loop": true,
			"animation_length": 2.5,
			"bones": {
				"all": {
					"rotation": {
						"0.0": {
							"vector": [0, 0, 0]
						},
						"0.2083": {
							"vector": [0, 0, -10],
							"easing": "easeOutSine"
						},
						"0.625": {
							"vector": [0, 0, 10],
							"easing": "easeInOutSine"
						},
						"0.8333": {
							"vector": [0, 0, 0],
							"easing": "easeInSine"
						},
						"1.0417": {
							"vector": [0, 0, -10],
							"easing": "easeOutSine"
						},
						"1.4583": {
							"vector": [0, 0, 10],
							"easing": "easeInOutSine"
						},
						"1.6667": {
							"vector": [0, 0, 0],
							"easing": "easeInSine"
						},
						"1.875": {
							"vector": [0, 0, -10],
							"easing": "easeOutSine"
						},
						"2.2917": {
							"vector": [0, 0, 10],
							"easing": "easeInOutSine"
						},
						"2.5": {
							"vector": [0, 0, 0],
							"easing": "easeInOutSine"
						}
					},
					"scale": {
						"vector": [1, 1, 1]
					}
				},
				"torso": {
					"rotation": {
						"0.0": {
							"vector": [-12.5, 0, 0]
						},
						"0.4167": {
							"vector": [-20, 0, 0],
							"easing": "easeInOutSine"
						},
						"0.8333": {
							"vector": [-12.5, 0, 0],
							"easing": "easeInOutSine"
						},
						"1.25": {
							"vector": [-20, 0, 0],
							"easing": "easeInOutSine"
						},
						"1.6667": {
							"vector": [-12.5, 0, 0],
							"easing": "easeInOutSine"
						},
						"2.0833": {
							"vector": [-20, 0, 0],
							"easing": "easeInOutSine"
						},
						"2.5": {
							"vector": [0, 0, 0],
							"easing": "easeInOutSine"
						}
					}
				},
				"head": {
					"rotation": {
						"0.0": {
							"vector": [-10, 0, 0]
						},
						"0.4167": {
							"vector": [-40, 0, 0],
							"easing": "easeInOutSine"
						},
						"0.8333": {
							"vector": [-10, 0, 0],
							"easing": "easeInOutSine"
						},
						"1.25": {
							"vector": [-40, 0, 0],
							"easing": "easeInOutSine"
						},
						"1.6667": {
							"vector": [-10, 0, 0],
							"easing": "easeInOutSine"
						},
						"2.0833": {
							"vector": [-40, 0, 0],
							"easing": "easeInOutSine"
						},
						"2.5": {
							"vector": [0, 0, 0],
							"easing": "easeInOutSine"
						}
					}
				},
				"nose": {
					"rotation": {
						"0.0": {
							"vector": [0, 0, 0]
						},
						"0.5": {
							"vector": [-22.5, 0, 0],
							"easing": "easeInOutSine"
						},
						"1.0": {
							"vector": [0, 0, 0],
							"easing": "easeInOutSine"
						},
						"1.5": {
							"vector": [-22.5, 0, 0],
							"easing": "easeInOutSine"
						},
						"1.75": {
							"vector": [0, 0, 0],
							"easing": "easeInOutSine"
						},
						"2.0": {
							"vector": [-22.5, 0, 0],
							"easing": "easeInOutSine"
						},
						"2.3333": {
							"vector": [-30, 0, 0],
							"easing": "easeInOutSine"
						},
						"2.5": {
							"vector": [0, 0, 0],
							"easing": "easeInOutSine"
						}
					}
				},
				"earleft": {
					"rotation": {
						"0.0": {
							"vector": [0, 0, 0]
						},
						"2.5": {
							"vector": [0, 0, 0],
							"easing": "easeInOutSine"
						}
					}
				},
				"earright": {
					"rotation": {
						"0.0": {
							"vector": [0, 0, 0]
						},
						"2.5": {
							"vector": [0, 0, 0],
							"easing": "easeInOutSine"
						}
					}
				},
				"leftarm": {
					"rotation": {
						"0.0": {
							"vector": [-35, -20, 0]
						},
						"0.2083": {
							"vector": [28.27209, -25.10983, -26.93952],
							"easing": "easeOutSine"
						},
						"0.625": {
							"vector": [-101.92722, -10.22511, -2.18871],
							"easing": "easeInOutSine"
						},
						"0.8333": {
							"vector": [-35, -20, 0],
							"easing": "easeInSine"
						},
						"1.0417": {
							"vector": [28.27209, -25.10983, -26.93952],
							"easing": "easeOutSine"
						},
						"1.4583": {
							"vector": [-101.92722, -10.22511, -2.18871],
							"easing": "easeInOutSine"
						},
						"1.6667": {
							"vector": [-35, -20, 0],
							"easing": "easeInSine"
						},
						"1.875": {
							"vector": [28.27209, -25.10983, -26.93952],
							"easing": "easeOutSine"
						},
						"2.1667": {
							"vector": [-74.60256, -8.95547, -9.82554]
						},
						"2.5": {
							"vector": [0, 0, 0]
						}
					},
					"position": {
						"0.0": {
							"vector": [-0.5, -1, 0]
						},
						"2.5": {
							"vector": [0, 0, 0]
						}
					}
				},
				"rightarm": {
					"rotation": {
						"0.0": {
							"vector": [-65.38747, 37.62975, -16.0904]
						},
						"0.2083": {
							"vector": [-100, 20, 0],
							"easing": "easeOutSine"
						},
						"0.6667": {
							"vector": [69.61253, 37.62975, -16.0904],
							"easing": "easeInOutSine"
						},
						"1.0417": {
							"vector": [-100, 20, 0],
							"easing": "easeInOutSine"
						},
						"1.5": {
							"vector": [-104.56831, 26.78031, -11.45501],
							"easing": "easeInOutSine"
						},
						"1.875": {
							"vector": [-100, 20, 0],
							"easing": "easeOutSine"
						},
						"2.5": {
							"vector": [0, 0, 0]
						}
					},
					"position": {
						"0.0": {
							"vector": [0.5, -1, 0]
						},
						"2.5": {
							"vector": [0, 0, 0]
						}
					}
				},
				"leftleg": {
					"rotation": {
						"0.0": {
							"vector": [0, 0, 0]
						},
						"0.2083": {
							"vector": [-67.5, 0, 0],
							"easing": "easeOutSine"
						},
						"0.625": {
							"vector": [67.5, 0, 0],
							"easing": "easeInOutSine"
						},
						"0.8333": {
							"vector": [0, 0, 0],
							"easing": "easeInSine"
						},
						"1.0417": {
							"vector": [-67.5, 0, 0],
							"easing": "easeOutSine"
						},
						"1.4583": {
							"vector": [67.5, 0, 0],
							"easing": "easeInOutSine"
						},
						"1.6667": {
							"vector": [0, 0, 0],
							"easing": "easeInSine"
						},
						"1.875": {
							"vector": [-67.5, 0, 0],
							"easing": "easeOutSine"
						},
						"2.2917": {
							"vector": [67.5, 0, 0],
							"easing": "easeInOutSine"
						},
						"2.5": {
							"vector": [0, 0, 0],
							"easing": "easeInOutSine"
						}
					}
				},
				"rightleg": {
					"rotation": {
						"0.0": {
							"vector": [0, 0, 0]
						},
						"0.2083": {
							"vector": [67.5, 0, 0],
							"easing": "easeOutSine"
						},
						"0.625": {
							"vector": [-67.5, 0, 0],
							"easing": "easeInOutSine"
						},
						"0.8333": {
							"vector": [0, 0, 0],
							"easing": "easeInSine"
						},
						"1.0417": {
							"vector": [67.5, 0, 0],
							"easing": "easeOutSine"
						},
						"1.4583": {
							"vector": [-67.5, 0, 0],
							"easing": "easeInOutSine"
						},
						"1.6667": {
							"vector": [0, 0, 0],
							"easing": "easeInSine"
						},
						"1.875": {
							"vector": [67.5, 0, 0],
							"easing": "easeOutSine"
						},
						"2.2917": {
							"vector": [-67.5, 0, 0],
							"easing": "easeInOutSine"
						},
						"2.5": {
							"vector": [0, 0, 0],
							"easing": "easeInOutSine"
						}
					}
				},
				"cake": {
					"rotation": {
						"0.0": {
							"vector": [21.26765, 0, -18.58597]
						},
						"0.2083": {
							"vector": [22.48072, 0.95645, -2.30991],
							"easing": "easeInOutSine"
						},
						"0.625": {
							"vector": [21.26765, 7.52076, -18.58597],
							"easing": "easeInOutSine"
						},
						"0.75": {
							"vector": [158.07509, 19.14767, -11.01902]
						},
						"0.8333": {
							"vector": [136.78004, 26.89894, -5.97438],
							"easing": "linear"
						},
						"0.9167": {
							"vector": [52.13079, 19.24706, -7.90941]
						},
						"1.0417": {
							"vector": [22.01816, 4.75113, -11.57518],
							"easing": "easeInOutSine"
						},
						"1.875": {
							"vector": [22.02, 4.75, -11.58],
							"easing": "easeInOutSine"
						},
						"2.1667": {
							"vector": [-32.05269, 7.99813, 2.07711],
							"easing": "easeInOutSine"
						},
						"2.5": {
							"vector": [0, 0, 0],
							"easing": "easeInOutSine"
						}
					},
					"position": {
						"0.0": {
							"vector": [-11, 13, 2]
						},
						"0.2083": {
							"vector": [-6, 16, 2],
							"easing": "easeInOutSine"
						},
						"0.625": {
							"vector": [-2, -3, 10],
							"easing": "easeOutSine"
						},
						"0.75": {
							"vector": [-2.36, -4.71, 8.2]
						},
						"0.8333": {
							"vector": [-9.26, -2.52, 2],
							"easing": "linear"
						},
						"0.9167": {
							"vector": [-8.31, 8.86, -1]
						},
						"1.0417": {
							"vector": [-6.52, 15.95, 2],
							"easing": "easeInOutSine"
						},
						"1.5": {
							"vector": [-8, 16, 3],
							"easing": "easeInOutSine"
						},
						"1.875": {
							"vector": [-7, 16, 2]
						},
						"2.1667": {
							"vector": [-0.87, 9.28, 3],
							"easing": "easeInOutSine"
						},
						"2.5": {
							"vector": [0, 0, 0],
							"easing": "easeInOutSine"
						}
					},
					"scale": {
						"0.0": {
							"vector": [0, 0, 0]
						},
						"0.625": {
							"vector": [0, 0, 0]
						},
						"1.0417": {
							"vector": [1, 1, 1]
						}
					}
				}
			}
		},
		"place": {
			"loop": true,
			"animation_length": 1.5,
			"bones": {
				"all": {
					"rotation": {
						"0.0": {
							"vector": [0, 0, 0]
						},
						"0.4167": {
							"vector": [5, 0, 0],
							"easing": "easeInOutSine"
						},
						"1.5": {
							"vector": [0, 0, 0],
							"easing": "easeInOutSine"
						}
					}
				},
				"torso": {
					"rotation": {
						"0.0": {
							"vector": [0, 0, 0]
						},
						"0.4167": {
							"vector": [67.5, 0, 0],
							"easing": "easeInOutSine"
						},
						"0.8333": {
							"vector": [20.74851, 21.17385, 7.7917],
							"easing": "easeInOutSine"
						},
						"1.25": {
							"vector": [0, 0, 0],
							"easing": "easeInOutSine"
						},
						"1.5": {
							"vector": [0, 0, 0],
							"easing": "easeInOutSine"
						}
					}
				},
				"head": {
					"rotation": {
						"0.0": {
							"vector": [0, 0, 0]
						},
						"0.4167": {
							"vector": [0, 0, 0],
							"easing": "easeInOutSine"
						},
						"1.0": {
							"vector": [45.40247, 41.45427, 28.35284],
							"easing": "easeInOutSine"
						},
						"1.5": {
							"vector": [0, 0, 0],
							"easing": "easeInOutSine"
						}
					},
					"position": {
						"0.0": {
							"vector": [0, 0, 0]
						},
						"0.8333": {
							"vector": [0, 0, -1],
							"easing": "easeInOutSine"
						},
						"1.0": {
							"vector": [0, 0, 0],
							"easing": "easeInOutSine"
						},
						"1.2083": {
							"vector": [0, 0, -1],
							"easing": "easeInOutSine"
						},
						"1.5": {
							"vector": [0, 0, 0],
							"easing": "easeInOutSine"
						}
					}
				},
				"botharms": {
					"rotation": {
						"0.0": {
							"vector": [0, 0, 0]
						},
						"0.4167": {
							"vector": [-22.5, 0, 0],
							"easing": "easeInOutSine"
						},
						"1.25": {
							"vector": [0, 0, 0],
							"easing": "easeInOutSine"
						},
						"1.5": {
							"vector": [0, 0, 0],
							"easing": "easeInOutSine"
						}
					}
				},
				"leftarm": {
					"rotation": {
						"0.0": {
							"vector": [0, 0, 0]
						},
						"0.4167": {
							"vector": [0, 0, 0],
							"easing": "easeInOutSine"
						},
						"0.8333": {
							"vector": [38.79645, 69.34091, 65.6952],
							"easing": "easeInOutSine"
						},
						"1.25": {
							"vector": [0, 0, 0],
							"easing": "easeInOutSine"
						},
						"1.5": {
							"vector": [0, 0, 0],
							"easing": "easeInOutSine"
						}
					},
					"position": {
						"0.0": {
							"vector": [0, 0, 0]
						},
						"0.5": {
							"vector": [0, 0, 0],
							"easing": "easeInOutSine"
						},
						"0.8333": {
							"vector": [0, -1, -2],
							"easing": "easeInOutSine"
						},
						"1.25": {
							"vector": [0, 0, 0],
							"easing": "easeInOutSine"
						}
					}
				},
				"rightarm": {
					"rotation": {
						"0.0": {
							"vector": [0, 0, 0]
						},
						"0.4167": {
							"vector": [0, 0, 0],
							"easing": "easeInOutSine"
						},
						"0.625": {
							"vector": [90, 0, 0],
							"easing": "easeInOutSine"
						},
						"0.8333": {
							"vector": [92.25471, -5.52235, -39.91731],
							"easing": "easeInOutSine"
						},
						"1.0": {
							"vector": [57.88395, -5.27687, -7.54911]
						},
						"1.25": {
							"vector": [0, 0, 0],
							"easing": "easeInOutSine"
						},
						"1.5": {
							"vector": [0, 0, 0],
							"easing": "easeInOutSine"
						}
					}
				},
				"cake": {
					"rotation": {
						"0.0": {
							"vector": [0, 0, 0]
						},
						"0.4167": {
							"vector": [-45, 0, 0]
						},
						"0.8333": {
							"vector": [-35, 0, 0]
						},
						"1.25": {
							"vector": [0, 0, 0]
						},
						"1.5": {
							"vector": [0, 0, 0]
						}
					},
					"position": {
						"0.0": {
							"vector": [0, 0, 0]
						},
						"0.4167": {
							"vector": [0, 0, 0]
						},
						"0.8333": {
							"vector": [-3, -2, 11]
						},
						"1.0": {
							"vector": [-4.6, -2, 4.2]
						},
						"1.25": {
							"vector": [0, 0, 0]
						},
						"1.5": {
							"vector": [0, 0, 0]
						}
					},
					"scale": {
						"0.0": {
							"vector": [1, 1, 1]
						},
						"0.4167": {
							"vector": [1, 1, 1]
						},
						"0.5": {
							"vector": [0, 0, 0]
						},
						"0.8333": {
							"vector": [0, 0, 0.3846],
							"easing": "step",
							"easingArgs": [2]
						},
						"1.25": {
							"vector": [1, 1, 1]
						},
						"1.5": {
							"vector": [1, 1, 1]
						}
					}
				},
				"rightleg": {
					"rotation": {
						"0.0": {
							"vector": [0, 0, 0]
						},
						"0.4167": {
							"vector": [-12.5, 0, 0],
							"easing": "easeInOutSine"
						},
						"1.5": {
							"vector": [0, 0, 0],
							"easing": "easeInOutSine"
						}
					}
				}
			}
		}
	},
	"geckolib_format_version": 2
}