{
	"format_version": "1.8.0",
	"animations": {
		"idle": {
			"loop": true,
			"animation_length": 1,
			"bones": {
				"biter": {
					"rotation": {
						"0.0": {
							"vector": [0, 0, 0]
						},
						"0.25": {
							"vector": [5, 0, 0],
							"easing": "easeInOutSine"
						},
						"0.5": {
							"vector": [0, 0, 0],
							"easing": "easeInOutSine"
						},
						"0.75": {
							"vector": [5, 0, 0],
							"easing": "easeInOutSine"
						},
						"1.0": {
							"vector": [0, 0, 0],
							"easing": "easeInOutSine"
						}
					},
					"position": {
						"0.0": {
							"vector": [0, 0, 0]
						},
						"0.5": {
							"vector": [0, -1, 0],
							"easing": "easeInOutSine"
						},
						"1.0": {
							"vector": [0, 0, 0],
							"easing": "easeInOutSine"
						}
					}
				},
				"botharms": {
					"rotation": {
						"0.0": {
							"vector": [0, 0, 0]
						},
						"0.25": {
							"vector": [0, 0, -10],
							"easing": "easeOutSine"
						},
						"0.75": {
							"vector": [0, 0, 10],
							"easing": "easeInOutSine"
						},
						"1.0": {
							"vector": [0, 0, 0],
							"easing": "easeInSine"
						}
					}
				},
				"rightleg": {
					"rotation": {
						"0.0": {
							"vector": [0, 0, 0]
						},
						"0.5": {
							"vector": [-90, 0, 0],
							"easing": "easeInOutSine"
						},
						"1.0": {
							"vector": [0, 0, 0],
							"easing": "easeInOutSine"
						}
					}
				},
				"leftleg": {
					"rotation": {
						"0.0": {
							"vector": [-90, 0, 0]
						},
						"0.5": {
							"vector": [0, 0, 0],
							"easing": "easeInOutSine"
						},
						"1.0": {
							"vector": [-90, 0, 0]
						}
					}
				},
				"rightwing": {
					"rotation": {
						"0.0": {
							"vector": [0, 25, 0]
						},
						"0.25": {
							"vector": [0, -65, 0],
							"easing": "easeInOutSine"
						},
						"0.5": {
							"vector": [0, 25, 0],
							"easing": "easeInOutSine"
						},
						"0.75": {
							"vector": [0, -65, 0],
							"easing": "easeInOutSine"
						},
						"1.0": {
							"vector": [0, 25, 0],
							"easing": "easeInOutSine"
						}
					}
				},
				"leftwing": {
					"rotation": {
						"0.0": {
							"vector": [0, -25, 0]
						},
						"0.25": {
							"vector": [0, 65, 0],
							"easing": "easeInOutSine"
						},
						"0.5": {
							"vector": [0, -25, 0],
							"easing": "easeInOutSine"
						},
						"0.75": {
							"vector": [0, 65, 0],
							"easing": "easeInOutSine"
						},
						"1.0": {
							"vector": [0, -25, 0],
							"easing": "easeInOutSine"
						}
					}
				},
				"bothlegs": {
					"rotation": {
						"0.0": {
							"vector": [22.5, 0, 0]
						},
						"0.25": {
							"vector": [24.14867, 20.70481, 9.00717]
						},
						"0.75": {
							"vector": [23.59359, -13.80176, -5.87298]
						},
						"1.0": {
							"vector": [22.5, 0, 0]
						}
					},
					"position": {
						"vector": [0, 0.5, 0]
					}
				}
			}
		}
	},
	"geckolib_format_version": 2
}