{
	"format_version": "1.8.0",
	"animations": {
		"idle": {
			"loop": true,
			"animation_length": 8,
			"bones": {
				"all": {
					"scale": {
						"0.0": {
							"vector": [1, 1, 1]
						},
						"2.0": {
							"vector": [1, 0.99, 1],
							"easing": "easeInOutSine"
						},
						"4.0": {
							"vector": [1, 1, 1],
							"easing": "easeInOutSine"
						},
						"6.0": {
							"vector": [1, 0.99, 1],
							"easing": "easeInOutSine"
						},
						"8.0": {
							"vector": [1, 1, 1],
							"easing": "easeInOutSine"
						}
					}
				},
				"torso": {
					"rotation": {
						"0.0": {
							"vector": [0, 0, 0]
						},
						"4.0": {
							"vector": [0, 0, 0],
							"easing": "easeInOutSine"
						},
						"8.0": {
							"vector": [0, 0, 0],
							"easing": "easeInOutSine"
						}
					}
				},
				"head": {
					"rotation": {
						"0.0": {
							"vector": [0, 0, 0]
						},
						"2.0": {
							"vector": [2.5, 0, 0],
							"easing": "easeInOutSine"
						},
						"4.1667": {
							"vector": [-1, 0, 0]
						},
						"5.0": {
							"vector": [23.25, 0, 0],
							"easing": "easeInOutSine"
						},
						"6.0": {
							"vector": [2.5, 0, 0],
							"easing": "easeInOutQuart"
						},
						"8.0": {
							"vector": [0, 0, 0],
							"easing": "easeInOutSine"
						}
					}
				},
				"nose": {
					"rotation": {
						"0.0": {
							"vector": [0, 0, 0]
						},
						"2.0": {
							"vector": [-5, 0, 0],
							"easing": "easeInOutSine"
						},
						"4.0": {
							"vector": [0, 0, 0],
							"easing": "easeInOutSine"
						},
						"4.1667": {
							"vector": [-0.09, 0, 0]
						},
						"5.0": {
							"vector": [-24.7, 0, 0],
							"easing": "easeInOutQuart"
						},
						"6.0": {
							"vector": [-5, 0, 0],
							"easing": "easeInOutSine"
						},
						"8.0": {
							"vector": [0, 0, 0],
							"easing": "easeInOutSine"
						}
					}
				},
				"earleft": {
					"rotation": {
						"0.0": {
							"vector": [0, 0, 0]
						},
						"7.25": {
							"vector": [0, 0, 0],
							"easing": "easeInOutSine"
						},
						"7.3333": {
							"vector": [0, 0, 20],
							"easing": "easeInOutSine"
						},
						"7.4167": {
							"vector": [0, 0, 0],
							"easing": "easeInOutSine"
						},
						"8.0": {
							"vector": [0, 0, 0],
							"easing": "easeInOutSine"
						}
					}
				},
				"earright": {
					"rotation": {
						"0.0": {
							"vector": [0, 0, 0]
						},
						"7.4167": {
							"vector": [0, 0, 0],
							"easing": "easeInOutSine"
						},
						"7.5417": {
							"vector": [0, 0, -37.5],
							"easing": "easeInOutSine"
						},
						"7.6667": {
							"vector": [0, 0, 0],
							"easing": "easeInOutSine"
						},
						"8.0": {
							"vector": [0, 0, 0],
							"easing": "easeInOutSine"
						}
					}
				},
				"leftarm": {
					"rotation": {
						"0.0": {
							"vector": [0, 0, 0]
						},
						"2.0": {
							"vector": [0, 0, -2.5],
							"easing": "easeInOutSine"
						},
						"4.0": {
							"vector": [0, 0, 0],
							"easing": "easeInOutSine"
						},
						"5.0": {
							"vector": [-30, 0, 60],
							"easing": "easeInOutSine"
						},
						"5.5": {
							"vector": [-30, 0, 50],
							"easing": "easeInOutSine"
						},
						"6.0": {
							"vector": [-30, 0, 30],
							"easing": "easeInOutSine"
						},
						"6.5": {
							"vector": [-20, 0, 50],
							"easing": "easeInOutSine"
						},
						"7.0": {
							"vector": [-20, 0, 45],
							"easing": "easeInOutSine"
						},
						"8.0": {
							"vector": [0, 0, 0],
							"easing": "easeInOutSine"
						}
					},
					"position": {
						"0.0": {
							"vector": [0, 0, 0]
						},
						"4.0": {
							"vector": [0, 0, 0],
							"easing": "easeInOutSine"
						},
						"4.3333": {
							"vector": [0.17, 0, -1],
							"easing": "easeInOutSine"
						},
						"5.0": {
							"vector": [1, 0, 0],
							"easing": "easeInOutSine"
						},
						"5.5": {
							"vector": [1, 0, 0],
							"easing": "easeInOutSine"
						},
						"6.0": {
							"vector": [1, 0, 0],
							"easing": "easeInOutSine"
						},
						"6.5": {
							"vector": [1, 0, 0],
							"easing": "easeInOutSine"
						},
						"7.0": {
							"vector": [1, 0, 0],
							"easing": "easeInOutSine"
						},
						"8.0": {
							"vector": [0, 0, 0]
						}
					}
				},
				"rightarm": {
					"rotation": {
						"0.0": {
							"vector": [0, 0, 0]
						},
						"2.0": {
							"vector": [0, 0, 2.5],
							"easing": "easeInOutSine"
						},
						"4.0": {
							"vector": [0, 0, 0],
							"easing": "easeInOutSine"
						},
						"5.0": {
							"vector": [-20, 0, -50],
							"easing": "easeInOutSine"
						},
						"5.5": {
							"vector": [-20, 0, -40],
							"easing": "easeInOutSine"
						},
						"6.0": {
							"vector": [-35, 0, -40],
							"easing": "easeInOutSine"
						},
						"6.5": {
							"vector": [-40, 0, -50],
							"easing": "easeInOutSine"
						},
						"7.0": {
							"vector": [-40, 0, -40],
							"easing": "easeInOutSine"
						},
						"8.0": {
							"vector": [0, 0, 0],
							"easing": "easeInOutSine"
						}
					},
					"position": {
						"0.0": {
							"vector": [0, 0, 0]
						},
						"4.0": {
							"vector": [0, 0, 0],
							"easing": "easeInOutSine"
						},
						"4.3333": {
							"vector": [-0.17, 0, -1],
							"easing": "easeInOutSine"
						},
						"5.0": {
							"vector": [-1, 0, 0],
							"easing": "easeInOutSine"
						},
						"5.5": {
							"vector": [-1, 0, 0],
							"easing": "easeInOutSine"
						},
						"6.0": {
							"vector": [-1, 0, 0],
							"easing": "easeInOutSine"
						},
						"6.5": {
							"vector": [-1, 0, 0],
							"easing": "easeInOutSine"
						},
						"7.0": {
							"vector": [-1, 0, 0],
							"easing": "easeInOutSine"
						},
						"8.0": {
							"vector": [0, 0, 0]
						}
					}
				},
				"tie": {
					"rotation": {
						"0.0": {
							"vector": [0, 0, 0]
						},
						"2.0": {
							"vector": [0, 0, 5],
							"easing": "easeInOutSine"
						},
						"4.0": {
							"vector": [0, 0, 0],
							"easing": "easeInOutSine"
						},
						"6.0": {
							"vector": [0, 0, 5],
							"easing": "easeInOutSine"
						},
						"8.0": {
							"vector": [0, 0, 0],
							"easing": "easeInOutSine"
						}
					}
				}
			}
		},
		"walk": {
			"loop": true,
			"animation_length": 1,
			"bones": {
				"all": {
					"rotation": {
						"0.0": {
							"vector": [0, 0, 0]
						},
						"0.25": {
							"vector": [0, 0, -2],
							"easing": "easeOutSine"
						},
						"0.75": {
							"vector": [0, 0, 2],
							"easing": "easeInOutSine"
						},
						"1.0": {
							"vector": [0, 0, 0],
							"easing": "easeInSine"
						}
					},
					"position": {
						"0.0": {
							"vector": [0, 0, 0]
						},
						"0.25": {
							"vector": [0, -0.5, 0],
							"easing": "easeInOutSine"
						},
						"0.5": {
							"vector": [0, 0, 0],
							"easing": "easeInOutSine"
						},
						"0.75": {
							"vector": [0, -0.5, 0],
							"easing": "easeInOutSine"
						},
						"1.0": {
							"vector": [0, 0, 0],
							"easing": "easeInOutSine"
						}
					}
				},
				"nose": {
					"rotation": {
						"0.0": {
							"vector": [0, 0, 0]
						},
						"0.25": {
							"vector": [0, 0, 2.5],
							"easing": "easeOutSine"
						},
						"0.75": {
							"vector": [0, 0, -2.5],
							"easing": "easeInOutSine"
						},
						"1.0": {
							"vector": [0, 0, 0],
							"easing": "easeInSine"
						}
					}
				},
				"leftarm": {
					"rotation": {
						"0.0": {
							"vector": [0, 0, 0]
						},
						"0.25": {
							"vector": [22.5, 0, 0],
							"easing": "easeOutSine"
						},
						"0.75": {
							"vector": [-22.5, 0, 0],
							"easing": "easeInOutSine"
						},
						"1.0": {
							"vector": [0, 0, 0],
							"easing": "easeInSine"
						}
					}
				},
				"rightarm": {
					"rotation": {
						"0.0": {
							"vector": [0, 0, 0]
						},
						"0.25": {
							"vector": [-22.5, 0, 0],
							"easing": "easeOutSine"
						},
						"0.75": {
							"vector": [22.5, 0, 0],
							"easing": "easeInOutSine"
						},
						"1.0": {
							"vector": [0, 0, 0],
							"easing": "easeInSine"
						}
					}
				},
				"leftleg": {
					"rotation": {
						"0.0": {
							"vector": [0, 0, 0]
						},
						"0.25": {
							"vector": [-45, 0, 0],
							"easing": "easeOutSine"
						},
						"0.75": {
							"vector": [45, 0, 0],
							"easing": "easeInOutSine"
						},
						"1.0": {
							"vector": [0, 0, 0],
							"easing": "easeInSine"
						}
					}
				},
				"rightleg": {
					"rotation": {
						"0.0": {
							"vector": [0, 0, 0]
						},
						"0.25": {
							"vector": [45, 0, 0],
							"easing": "easeOutSine"
						},
						"0.75": {
							"vector": [-45, 0, 0],
							"easing": "easeInOutSine"
						},
						"1.0": {
							"vector": [0, 0, 0],
							"easing": "easeInSine"
						}
					}
				},
				"tie": {
					"rotation": {
						"0.0": {
							"vector": [0, 0, 0]
						},
						"0.3333": {
							"vector": [0, 0, 5],
							"easing": "easeOutSine"
						},
						"0.8333": {
							"vector": [0, 0, -5],
							"easing": "easeInOutSine"
						},
						"1.0": {
							"vector": [0, 0, 0],
							"easing": "easeInSine"
						}
					}
				}
			}
		},
		"sprint": {
			"loop": true,
			"animation_length": 2.5,
			"bones": {
				"all": {
					"rotation": {
						"0.0": {
							"vector": [0, 0, 0]
						},
						"0.2083": {
							"vector": [0, 0, -10],
							"easing": "easeOutSine"
						},
						"0.625": {
							"vector": [0, 0, 10],
							"easing": "easeInOutSine"
						},
						"0.8333": {
							"vector": [0, 0, 0],
							"easing": "easeInSine"
						},
						"1.0417": {
							"vector": [0, 0, -10],
							"easing": "easeOutSine"
						},
						"1.4583": {
							"vector": [0, 0, 10],
							"easing": "easeInOutSine"
						},
						"1.6667": {
							"vector": [0, 0, 0],
							"easing": "easeInSine"
						},
						"1.875": {
							"vector": [0, 0, -10],
							"easing": "easeOutSine"
						},
						"2.2917": {
							"vector": [0, 0, 10],
							"easing": "easeInOutSine"
						},
						"2.5": {
							"vector": [0, 0, 0],
							"easing": "easeInOutSine"
						}
					},
					"scale": {
						"vector": [1, 1, 1]
					}
				},
				"torso": {
					"rotation": {
						"0.0": {
							"vector": [32.5, 0, 0]
						},
						"0.4167": {
							"vector": [2.5, 0, 0],
							"easing": "easeInOutSine"
						},
						"0.8333": {
							"vector": [32.5, 0, 0],
							"easing": "easeInOutSine"
						},
						"1.25": {
							"vector": [2.5, 0, 0],
							"easing": "easeInOutSine"
						},
						"1.6667": {
							"vector": [32.5, 0, 0],
							"easing": "easeInOutSine"
						},
						"2.5": {
							"vector": [0, 0, 0],
							"easing": "easeInOutSine"
						}
					}
				},
				"head": {
					"rotation": {
						"0.0": {
							"vector": [-10, 0, 0]
						},
						"0.4167": {
							"vector": [-17.5, 0, 0],
							"easing": "easeInOutSine"
						},
						"0.8333": {
							"vector": [-10, 0, 0],
							"easing": "easeInOutSine"
						},
						"1.25": {
							"vector": [-17.5, 0, 0],
							"easing": "easeInOutSine"
						},
						"1.6667": {
							"vector": [-10, 0, 0],
							"easing": "easeInOutSine"
						},
						"2.0833": {
							"vector": [-40, 0, 0],
							"easing": "easeInOutSine"
						},
						"2.5": {
							"vector": [0, 0, 0],
							"easing": "easeInOutSine"
						}
					}
				},
				"nose": {
					"rotation": {
						"0.0": {
							"vector": [0, 0, 0]
						},
						"0.5": {
							"vector": [-22.5, 0, 0],
							"easing": "easeInOutSine"
						},
						"1.0": {
							"vector": [0, 0, 0],
							"easing": "easeInOutSine"
						},
						"1.5": {
							"vector": [-22.5, 0, 0],
							"easing": "easeInOutSine"
						},
						"1.75": {
							"vector": [0, 0, 0],
							"easing": "easeInOutSine"
						},
						"2.0": {
							"vector": [-22.5, 0, 0],
							"easing": "easeInOutSine"
						},
						"2.3333": {
							"vector": [-30, 0, 0],
							"easing": "easeInOutSine"
						},
						"2.5": {
							"vector": [0, 0, 0],
							"easing": "easeInOutSine"
						}
					}
				},
				"earleft": {
					"rotation": {
						"0.0": {
							"vector": [0, 0, 0]
						},
						"2.5": {
							"vector": [0, 0, 0],
							"easing": "easeInOutSine"
						}
					}
				},
				"earright": {
					"rotation": {
						"0.0": {
							"vector": [0, 0, 0]
						},
						"2.5": {
							"vector": [0, 0, 0],
							"easing": "easeInOutSine"
						}
					}
				},
				"leftarm": {
					"rotation": {
						"0.0": {
							"vector": [-35, -20, 0]
						},
						"0.2083": {
							"vector": [28.27209, -25.10983, -26.93952],
							"easing": "easeOutSine"
						},
						"0.625": {
							"vector": [-101.92722, -10.22511, -2.18871],
							"easing": "easeInOutSine"
						},
						"0.8333": {
							"vector": [-35, -20, 0],
							"easing": "easeInSine"
						},
						"1.0417": {
							"vector": [28.27209, -25.10983, -26.93952],
							"easing": "easeOutSine"
						},
						"1.4583": {
							"vector": [-101.92722, -10.22511, -2.18871],
							"easing": "easeInOutSine"
						},
						"1.6667": {
							"vector": [-35, -20, 0],
							"easing": "easeInSine"
						},
						"1.875": {
							"vector": [28.27209, -25.10983, -26.93952],
							"easing": "easeOutSine"
						},
						"2.2917": {
							"vector": [-101.92722, -10.22511, -2.18871],
							"easing": "easeInOutSine"
						},
						"2.5": {
							"vector": [0, 0, 0]
						}
					},
					"position": {
						"0.0": {
							"vector": [-0.5, -1, 0]
						},
						"2.5": {
							"vector": [0, 0, 0]
						}
					}
				},
				"rightarm": {
					"rotation": {
						"0.0": {
							"vector": [-35, 20, 0]
						},
						"0.2083": {
							"vector": [-100, 20, 0],
							"easing": "easeOutSine"
						},
						"0.625": {
							"vector": [57.37698, 1.22705, 12.68252],
							"easing": "easeInOutSine"
						},
						"0.8333": {
							"vector": [-35, 20, 0],
							"easing": "easeInSine"
						},
						"1.0417": {
							"vector": [-100, 20, 0],
							"easing": "easeOutSine"
						},
						"1.4583": {
							"vector": [-30.26958, -48.55272, -40.2669],
							"easing": "easeInOutSine"
						},
						"2.1667": {
							"vector": [-30.26958, -48.55272, -40.2669],
							"easing": "easeInOutSine"
						},
						"2.5": {
							"vector": [0, 0, 0]
						}
					},
					"position": {
						"0.0": {
							"vector": [0.5, -1, 0]
						},
						"1.0417": {
							"vector": [0.29, -0.58, 0]
						},
						"1.4583": {
							"vector": [-1.79, -0.41, 0]
						},
						"1.875": {
							"vector": [-1.79, -0.41, 0]
						},
						"2.5": {
							"vector": [0, 0, 0]
						}
					}
				},
				"leftleg": {
					"rotation": {
						"0.0": {
							"vector": [0, 0, 0]
						},
						"0.2083": {
							"vector": [-67.5, 0, 0],
							"easing": "easeOutSine"
						},
						"0.625": {
							"vector": [67.5, 0, 0],
							"easing": "easeInOutSine"
						},
						"0.8333": {
							"vector": [0, 0, 0],
							"easing": "easeInSine"
						},
						"1.0417": {
							"vector": [-67.5, 0, 0],
							"easing": "easeOutSine"
						},
						"1.4583": {
							"vector": [67.5, 0, 0],
							"easing": "easeInOutSine"
						},
						"1.6667": {
							"vector": [0, 0, 0],
							"easing": "easeInSine"
						},
						"1.875": {
							"vector": [-67.5, 0, 0],
							"easing": "easeOutSine"
						},
						"2.2917": {
							"vector": [67.5, 0, 0],
							"easing": "easeInOutSine"
						},
						"2.5": {
							"vector": [0, 0, 0],
							"easing": "easeInOutSine"
						}
					}
				},
				"rightleg": {
					"rotation": {
						"0.0": {
							"vector": [0, 0, 0]
						},
						"0.2083": {
							"vector": [67.5, 0, 0],
							"easing": "easeOutSine"
						},
						"0.625": {
							"vector": [-67.5, 0, 0],
							"easing": "easeInOutSine"
						},
						"0.8333": {
							"vector": [0, 0, 0],
							"easing": "easeInSine"
						},
						"1.0417": {
							"vector": [67.5, 0, 0],
							"easing": "easeOutSine"
						},
						"1.4583": {
							"vector": [-67.5, 0, 0],
							"easing": "easeInOutSine"
						},
						"1.6667": {
							"vector": [0, 0, 0],
							"easing": "easeInSine"
						},
						"1.875": {
							"vector": [67.5, 0, 0],
							"easing": "easeOutSine"
						},
						"2.2917": {
							"vector": [-67.5, 0, 0],
							"easing": "easeInOutSine"
						},
						"2.5": {
							"vector": [0, 0, 0],
							"easing": "easeInOutSine"
						}
					}
				},
				"tie": {
					"rotation": {
						"0.0": {
							"vector": [-22.5, 0, 0]
						},
						"0.2083": {
							"vector": [-45, 0, 0],
							"easing": "easeInOutSine"
						},
						"0.6667": {
							"vector": [-31.50717, -20.70481, -65.85133],
							"easing": "easeInOutSine"
						},
						"1.0833": {
							"vector": [-12.40123, 34.62081, 32.71569],
							"easing": "easeInOutSine"
						},
						"1.375": {
							"vector": [-13.89845, 3.10363, -31.92621],
							"easing": "easeInOutSine"
						},
						"1.5833": {
							"vector": [1.10155, 3.10363, -31.92621],
							"easing": "easeInOutSine"
						},
						"2.1667": {
							"vector": [1.1, 3.1, -31.93],
							"easing": "easeInOutSine"
						},
						"2.5": {
							"vector": [0, 0, 0],
							"easing": "easeInOutSine"
						}
					}
				}
			}
		},
		"attack": {
			"loop": true,
			"animation_length": 1,
			"bones": {
				"all": {
					"rotation": {
						"0.0": {
							"vector": [0, 0, 0]
						},
						"0.5": {
							"vector": [0, 0, 0],
							"easing": "easeInOutExpo"
						},
						"0.75": {
							"vector": [-30, 0, 0],
							"easing": "easeInOutCirc"
						},
						"1.0": {
							"vector": [0, 0, 0],
							"easing": "easeInOutSine"
						}
					},
					"position": {
						"0.0": {
							"vector": [0, 0, 0]
						},
						"0.5": {
							"vector": [0, 0, 0],
							"easing": "easeInOutExpo"
						},
						"0.75": {
							"vector": [0, 2, -3],
							"easing": "easeInOutCirc"
						},
						"1.0": {
							"vector": [0, 0, 0],
							"easing": "easeInOutSine"
						}
					}
				},
				"torso": {
					"rotation": {
						"0.0": {
							"vector": [0, 0, 0]
						},
						"0.5": {
							"vector": [34.2, 0, 0],
							"easing": "easeInOutExpo"
						},
						"0.75": {
							"vector": [-22.5, 0, 0],
							"easing": "easeInOutCirc"
						},
						"1.0": {
							"vector": [0, 0, 0],
							"easing": "easeInOutSine"
						}
					}
				},
				"head": {
					"rotation": {
						"0.0": {
							"vector": [0, 0, 0]
						},
						"0.75": {
							"vector": [-2.5, 0, 0],
							"easing": "easeInOutCirc"
						},
						"1.0": {
							"vector": [0, 0, 0],
							"easing": "easeInOutSine"
						}
					}
				},
				"leftarm": {
					"rotation": {
						"0.0": {
							"vector": [0, 0, 0]
						},
						"0.5": {
							"vector": [-45.9, 0, 0],
							"easing": "easeInOutExpo"
						},
						"0.75": {
							"vector": [112.5, 0, 0],
							"easing": "easeInOutCirc"
						},
						"1.0": {
							"vector": [0, 0, 0],
							"easing": "easeInOutSine"
						}
					}
				},
				"rightarm": {
					"rotation": {
						"0.0": {
							"vector": [0, 0, 0]
						},
						"0.5": {
							"vector": [-80.1, 0, 0],
							"easing": "easeInOutExpo"
						},
						"0.75": {
							"vector": [67.5, 0, 0],
							"easing": "easeInOutCirc"
						},
						"1.0": {
							"vector": [0, 0, 0],
							"easing": "easeInOutSine"
						}
					}
				},
				"leftleg": {
					"rotation": {
						"0.0": {
							"vector": [0, 0, 0]
						},
						"0.5": {
							"vector": [0, 0, 0],
							"easing": "easeInOutExpo"
						},
						"0.75": {
							"vector": [67.5, 0, 0],
							"easing": "easeInOutCirc"
						},
						"1.0": {
							"vector": [0, 0, 0],
							"easing": "easeInOutSine"
						}
					}
				},
				"rightleg": {
					"rotation": {
						"0.0": {
							"vector": [0, 0, 0]
						},
						"0.5": {
							"vector": [58.5, 0, 0],
							"easing": "easeInOutSine"
						},
						"0.75": {
							"vector": [-112.5, 0, 0],
							"easing": "easeInOutSine"
						},
						"1.0": {
							"vector": [0, 0, 0],
							"easing": "easeInOutSine"
						}
					},
					"scale": {
						"0.0": {
							"vector": [1, 1, 1]
						},
						"0.5833": {
							"vector": [1, 1, 1],
							"easing": "easeInOutSine"
						},
						"0.75": {
							"vector": [1, 2, 1],
							"easing": "easeInOutSine"
						},
						"0.8333": {
							"vector": [1, 1, 1],
							"easing": "easeInOutSine"
						}
					}
				},
				"tie": {
					"rotation": {
						"0.0": {
							"vector": [0, 0, 0]
						},
						"0.5": {
							"vector": [-45, 0, -10],
							"easing": "easeInOutSine"
						},
						"0.75": {
							"vector": [-59.63881, -40.78947, -30.94102],
							"easing": "easeInOutSine"
						},
						"1.0": {
							"vector": [0, 0, 0],
							"easing": "easeInOutSine"
						}
					}
				}
			}
		}
	}
}