{
	"format_version": "1.8.0",
	"animations": {
		"idle": {
			"loop": true,
			"animation_length": 1,
			"bones": {
				"all": {
					"position": {
						"0.0": {
							"vector": [0, 0, 0]
						},
						"0.5": {
							"vector": [0, -0.5, 0],
							"easing": "easeInOutElastic"
						},
						"1.0": {
							"vector": [0, 0, 0],
							"easing": "easeInOutElastic"
						}
					}
				},
				"treadleft": {
					"rotation": {
						"0.0": {
							"vector": [0, 0, 0]
						},
						"0.25": {
							"vector": [0, 0, 1],
							"easing": "easeInBounce"
						},
						"0.75": {
							"vector": [0, 0, -2],
							"easing": "easeInBounce"
						},
						"1.0": {
							"vector": [0, 0, 0],
							"easing": "easeInBounce"
						}
					}
				},
				"treadright": {
					"rotation": {
						"0.0": {
							"vector": [0, 0, 0]
						},
						"0.25": {
							"vector": [0, 0, -1],
							"easing": "easeInBounce"
						},
						"0.75": {
							"vector": [0, 0, 2],
							"easing": "easeInBounce"
						},
						"1.0": {
							"vector": [0, 0, 0],
							"easing": "easeInBounce"
						}
					}
				},
				"cake": {
					"rotation": {
						"0.0": {
							"vector": [0, 0, 0]
						},
						"0.2083": {
							"vector": [0, 0, -2.5],
							"easing": "easeInOutBounce"
						},
						"0.7917": {
							"vector": [0, 0, 2.5],
							"easing": "easeInOutBounce"
						},
						"1.0": {
							"vector": [0, 0, 0],
							"easing": "easeInOutBounce"
						}
					},
					"position": {
						"0.0": {
							"vector": [0, 0, 0]
						},
						"0.5": {
							"vector": [0, -1, 0],
							"easing": "easeInOutElastic"
						},
						"1.0": {
							"vector": [0, 0, 0],
							"easing": "easeInOutElastic"
						}
					}
				},
				"treads": {
					"position": {
						"0.0": {
							"vector": [0, 0, 0]
						},
						"0.25": {
							"vector": [0, -0.5, 0],
							"easing": "easeInOutElastic"
						},
						"0.5": {
							"vector": [0, 0, 0],
							"easing": "easeInOutElastic"
						},
						"0.75": {
							"vector": [0, -0.5, 0],
							"easing": "easeInOutElastic"
						},
						"1.0": {
							"vector": [0, 0, 0],
							"easing": "easeInOutElastic"
						}
					}
				}
			}
		},
		"walk": {
			"loop": true,
			"animation_length": 1,
			"bones": {
				"all": {
					"position": {
						"0.0": {
							"vector": [0, 0, 0]
						},
						"0.5": {
							"vector": [0, -0.5, 0],
							"easing": "easeInOutElastic"
						},
						"1.0": {
							"vector": [0, 0, 0],
							"easing": "easeInOutElastic"
						}
					}
				},
				"treadleft": {
					"rotation": {
						"0.0": {
							"vector": [0, 0, 0]
						},
						"0.25": {
							"vector": [0, 0, 2.5],
							"easing": "easeInBounce"
						},
						"0.75": {
							"vector": [0, 0, -5.83],
							"easing": "easeInBounce"
						},
						"1.0": {
							"vector": [0, 0, 0],
							"easing": "easeInBounce"
						}
					}
				},
				"treadright": {
					"rotation": {
						"0.0": {
							"vector": [0, 0, 0]
						},
						"0.25": {
							"vector": [0, 0, -2.5],
							"easing": "easeInBounce"
						},
						"0.75": {
							"vector": [0, 0, 4.17],
							"easing": "easeInBounce"
						},
						"1.0": {
							"vector": [0, 0, 0],
							"easing": "easeInBounce"
						}
					}
				},
				"cake": {
					"rotation": {
						"0.0": {
							"vector": [0, 0, 0]
						},
						"0.2083": {
							"vector": [10, 0, -2.5],
							"easing": "easeInOutBounce"
						},
						"0.5": {
							"vector": [22.5, 0, 2.5],
							"easing": "easeInOutBounce"
						},
						"1.0": {
							"vector": [0, 0, 0],
							"easing": "easeInBounce"
						}
					},
					"position": {
						"0.0": {
							"vector": [0, 0, 0]
						},
						"0.5": {
							"vector": [0, -1, 0],
							"easing": "easeInOutElastic"
						},
						"1.0": {
							"vector": [0, 0, 0],
							"easing": "easeInOutElastic"
						}
					}
				},
				"treads": {
					"position": {
						"0.0": {
							"vector": [0, 0, 0]
						},
						"0.25": {
							"vector": [0, -0.5, 0],
							"easing": "easeInOutElastic"
						},
						"0.5": {
							"vector": [0, 0, 0],
							"easing": "easeInOutElastic"
						},
						"0.75": {
							"vector": [0, -0.5, 0],
							"easing": "easeInOutElastic"
						},
						"1.0": {
							"vector": [0, 0, 0],
							"easing": "easeInOutElastic"
						}
					}
				},
				"leftwheel1": {
					"rotation": {
						"0.0": {
							"vector": [0, 0, 0]
						},
						"1.0": {
							"vector": [360, 0, 0]
						}
					}
				},
				"leftwheel2": {
					"rotation": {
						"0.0": {
							"vector": [0, 0, 0]
						},
						"1.0": {
							"vector": [360, 0, 0]
						}
					}
				},
				"rightwheel1": {
					"rotation": {
						"0.0": {
							"vector": [0, 0, 0]
						},
						"1.0": {
							"vector": [360, 0, 0]
						}
					}
				},
				"rightwheel2": {
					"rotation": {
						"0.0": {
							"vector": [0, 0, 0]
						},
						"1.0": {
							"vector": [360, 0, 0]
						}
					}
				}
			}
		}
	},
	"geckolib_format_version": 2
}