{
	"format_version": "1.8.0",
	"animations": {
		"animation.zombie.new": {
			"loop": true
		},
		"idle": {
			"loop": true,
			"animation_length": 2,
			"bones": {
				"all": {
					"rotation": {
						"0.0": {
							"vector": [0, 0, 0]
						},
						"0.5833": {
							"vector": [3, 0, 0],
							"easing": "easeOutSine"
						},
						"1.4167": {
							"vector": [-3, 0, 0],
							"easing": "easeInOutSine"
						},
						"2.0": {
							"vector": [0, 0, 0],
							"easing": "easeInSine"
						}
					},
					"position": {
						"0.0": {
							"vector": [0, 4, 0]
						},
						"1.0": {
							"vector": [0, 3, 0],
							"easing": "easeInOutSine"
						},
						"2.0": {
							"vector": [0, 4, 0],
							"easing": "easeInOutSine"
						}
					}
				},
				"gobbler": {
					"rotation": {
						"0.0": {
							"vector": [0, 0, 0]
						},
						"0.5": {
							"vector": [0, 0, 2.5],
							"easing": "easeOutSine"
						},
						"1.5": {
							"vector": [0, 0, -4.17],
							"easing": "easeInOutSine"
						},
						"2.0": {
							"vector": [0, 0, 0],
							"easing": "easeInSine"
						}
					}
				},
				"torso": {
					"rotation": {
						"0.0": {
							"vector": [0, 0, 0]
						},
						"1.0": {
							"vector": [5, 0, 0],
							"easing": "easeInOutSine"
						},
						"2.0": {
							"vector": [0, 0, 0],
							"easing": "easeInOutSine"
						}
					}
				},
				"head": {
					"rotation": {
						"0.0": {
							"vector": [0, 0, 0]
						},
						"1.0": {
							"vector": [2.5, 0, 0],
							"easing": "easeInOutSine"
						},
						"2.0": {
							"vector": [0, 0, 0],
							"easing": "easeInOutSine"
						}
					}
				},
				"hat": {
					"rotation": {
						"0.0": {
							"vector": [0, 0, 0]
						},
						"1.0": {
							"vector": [10, 0, 0],
							"easing": "easeInOutSine"
						},
						"2.0": {
							"vector": [0, 0, 0],
							"easing": "easeInOutSine"
						}
					}
				},
				"nose": {
					"rotation": {
						"0.0": {
							"vector": [0, 0, 0]
						},
						"1.0": {
							"vector": [-10, 0, 0],
							"easing": "easeInOutSine"
						},
						"2.0": {
							"vector": [0, 0, 0],
							"easing": "easeInOutSine"
						}
					}
				},
				"earleft": {
					"rotation": {
						"0.0": {
							"vector": [0, 0, 0]
						},
						"1.0": {
							"vector": [0, 0, 15],
							"easing": "easeInOutSine"
						},
						"2.0": {
							"vector": [0, 0, 0],
							"easing": "easeInOutSine"
						}
					}
				},
				"earright": {
					"rotation": {
						"0.0": {
							"vector": [0, 0, 0]
						},
						"1.0": {
							"vector": [0, 0, -15],
							"easing": "easeInOutSine"
						},
						"2.0": {
							"vector": [0, 0, 0],
							"easing": "easeInOutSine"
						}
					}
				},
				"rightarm": {
					"rotation": {
						"0.0": {
							"vector": [10, -7, -14]
						},
						"1.0": {
							"vector": [11, -10, -16],
							"easing": "easeInOutSine"
						},
						"2.0": {
							"vector": [10, -7, -14],
							"easing": "easeInOutSine"
						}
					},
					"position": {
						"0.0": {
							"vector": [0, 0, 0]
						},
						"1.0": {
							"vector": [-0.25, 0.5, 0],
							"easing": "easeInOutSine"
						},
						"2.0": {
							"vector": [0, 0, 0],
							"easing": "easeInOutSine"
						}
					}
				},
				"leftleg": {
					"rotation": {
						"0.0": {
							"vector": [0, 0, 0]
						},
						"1.0": {
							"vector": [20, 0, 0],
							"easing": "easeInOutSine"
						},
						"2.0": {
							"vector": [0, 0, 0],
							"easing": "easeInOutSine"
						}
					}
				},
				"rightleg": {
					"rotation": {
						"0.0": {
							"vector": [0, 0, 0]
						},
						"1.0": {
							"vector": [20, 0, 0],
							"easing": "easeInOutSine"
						},
						"2.0": {
							"vector": [0, 0, 0],
							"easing": "easeInOutSine"
						}
					}
				},
				"wand": {
					"rotation": {
						"0.0": {
							"vector": [67.5, 0, 0]
						},
						"1.0": {
							"vector": [85, 0, 0]
						},
						"2.0": {
							"vector": [67.5, 0, 0],
							"easing": "easeInOutSine"
						}
					}
				},
				"leftarmcontrol": {
					"rotation": {
						"0.0": {
							"vector": [-90, 67.5, -90]
						},
						"2.0": {
							"vector": [-90, 67.5, -90]
						}
					},
					"position": {
						"0.0": {
							"vector": [0, 0, 1]
						},
						"2.0": {
							"vector": [0, 0, 1]
						}
					}
				}
			}
		},
		"walk": {
			"loop": true,
			"animation_length": 1.5,
			"bones": {
				"all": {
					"rotation": {
						"0.0": {
							"vector": [0, 0, 0]
						},
						"0.6667": {
							"vector": [9, 0, 0],
							"easing": "easeOutSine"
						},
						"1.25": {
							"vector": [-5.5, 0, 0],
							"easing": "easeInOutSine"
						},
						"1.5": {
							"vector": [0, 0, 0],
							"easing": "easeInSine"
						}
					},
					"position": {
						"0.0": {
							"vector": [0, 4, 0]
						},
						"0.75": {
							"vector": [0, 3, 0],
							"easing": "easeInOutSine"
						},
						"1.5": {
							"vector": [0, 4, 0],
							"easing": "easeInOutSine"
						}
					}
				},
				"gobbler": {
					"rotation": {
						"0.0": {
							"vector": [0, 0, 0]
						},
						"0.375": {
							"vector": [0, 0, 2.5],
							"easing": "easeOutSine"
						},
						"1.125": {
							"vector": [0, 0, -4.17],
							"easing": "easeInOutSine"
						},
						"1.5": {
							"vector": [0, 0, 0],
							"easing": "easeInSine"
						}
					}
				},
				"torso": {
					"rotation": {
						"0.0": {
							"vector": [0, 0, 0]
						},
						"0.75": {
							"vector": [5, 0, 0],
							"easing": "easeInOutSine"
						},
						"1.5": {
							"vector": [0, 0, 0],
							"easing": "easeInOutSine"
						}
					}
				},
				"head": {
					"rotation": {
						"0.0": {
							"vector": [0, 0, 0]
						},
						"0.75": {
							"vector": [2.5, 0, 0],
							"easing": "easeInOutSine"
						},
						"1.5": {
							"vector": [0, 0, 0],
							"easing": "easeInOutSine"
						}
					}
				},
				"hat": {
					"rotation": {
						"0.0": {
							"vector": [0, 0, 0]
						},
						"0.75": {
							"vector": [5, 0, 0],
							"easing": "easeOutSine"
						},
						"1.5": {
							"vector": [0, 0, 0],
							"easing": "easeInSine"
						}
					},
					"scale": {
						"0.0": {
							"vector": [1, 1, 1]
						},
						"0.75": {
							"vector": [1.1, 0.9, 1.1],
							"easing": "easeInOutSine"
						},
						"1.5": {
							"vector": [1, 1, 1],
							"easing": "easeInOutSine"
						}
					}
				},
				"nose": {
					"rotation": {
						"0.0": {
							"vector": [0, 0, 0]
						},
						"0.75": {
							"vector": [-10, 0, 0],
							"easing": "easeInOutSine"
						},
						"1.5": {
							"vector": [0, 0, 0],
							"easing": "easeInOutSine"
						}
					}
				},
				"earleft": {
					"rotation": {
						"0.0": {
							"vector": [0, 0, 0]
						},
						"0.75": {
							"vector": [0, 0, 15],
							"easing": "easeInOutSine"
						},
						"1.5": {
							"vector": [0, 0, 0],
							"easing": "easeInOutSine"
						}
					}
				},
				"earright": {
					"rotation": {
						"0.0": {
							"vector": [0, 0, 0]
						},
						"0.75": {
							"vector": [0, 0, -15],
							"easing": "easeInOutSine"
						},
						"1.5": {
							"vector": [0, 0, 0],
							"easing": "easeInOutSine"
						}
					}
				},
				"rightarm": {
					"rotation": {
						"0.0": {
							"vector": [10, -7, -14]
						},
						"0.75": {
							"vector": [11, -10, -16],
							"easing": "easeInOutSine"
						},
						"1.5": {
							"vector": [10, -7, -14],
							"easing": "easeInOutSine"
						}
					},
					"position": {
						"0.0": {
							"vector": [0, 0.5, -0.5]
						},
						"0.75": {
							"vector": [-0.25, 0.75, 0],
							"easing": "easeInOutSine"
						},
						"1.5": {
							"vector": [0, 0.5, -0.5]
						}
					}
				},
				"leftleg": {
					"rotation": {
						"0.0": {
							"vector": [0, 0, 0]
						},
						"1.0": {
							"vector": [65, 0, 0],
							"easing": "easeInOutSine"
						},
						"1.5": {
							"vector": [0, 0, 0],
							"easing": "easeInOutSine"
						}
					}
				},
				"rightleg": {
					"rotation": {
						"0.0": {
							"vector": [0, 0, 0]
						},
						"0.75": {
							"vector": [42.5, 0, 0],
							"easing": "easeInOutSine"
						},
						"1.5": {
							"vector": [0, 0, 0],
							"easing": "easeInOutSine"
						}
					},
					"position": {
						"0.0": {
							"vector": [0, 0, 0]
						},
						"0.75": {
							"vector": [0, 0, -0.5],
							"easing": "easeInOutSine"
						},
						"1.5": {
							"vector": [0, 0, 0],
							"easing": "easeInOutSine"
						}
					}
				},
				"wand": {
					"rotation": {
						"0.0": {
							"vector": [0, 0, 0]
						},
						"0.75": {
							"vector": [75, 0, 0],
							"easing": "easeInOutSine"
						},
						"1.3333": {
							"vector": [0, 0, 0],
							"easing": "easeInOutSine"
						},
						"1.5": {
							"vector": [0, 0, 0],
							"easing": "easeInOutSine"
						}
					}
				},
				"leftarmcontrol": {
					"rotation": {
						"0.0": {
							"vector": [0, 0, 0]
						},
						"0.2083": {
							"vector": [0, 15, 0],
							"easing": "linear"
						},
						"0.4583": {
							"vector": [0, 20, -12.5],
							"easing": "linear"
						},
						"0.7083": {
							"vector": [0, 15, -25],
							"easing": "linear"
						},
						"0.9583": {
							"vector": [0, -2.5, -28],
							"easing": "linear"
						},
						"1.125": {
							"vector": [0, -20, -20],
							"easing": "linear"
						},
						"1.3333": {
							"vector": [-3.09472, -22.29711, -1.88997],
							"easing": "linear"
						},
						"1.5": {
							"vector": [0, 0, 0],
							"easing": "linear"
						}
					},
					"position": {
						"0.0": {
							"vector": [0, 0, 1]
						},
						"0.75": {
							"vector": [0, 0, 0.5],
							"easing": "easeInOutSine"
						},
						"1.5": {
							"vector": [0, 0, 1],
							"easing": "easeInOutSine"
						}
					}
				}
			}
		},
		"attack": {
			"loop": true,
			"animation_length": 1.5,
			"bones": {
				"all": {
					"rotation": {
						"0.0": {
							"vector": [0, 0, 0]
						},
						"0.5": {
							"vector": [-36.34359, -21.40584, 7.09999],
							"easing": "easeInOutSine"
						},
						"1.0": {
							"vector": [9.31732, 6.18638, -6.55767],
							"easing": "easeInOutCirc"
						},
						"1.5": {
							"vector": [0, 0, 0],
							"easing": "easeInSine"
						}
					},
					"position": {
						"0.0": {
							"vector": [0, 4, 0]
						},
						"0.5": {
							"vector": [0, 6, 0],
							"easing": "easeInOutSine"
						},
						"1.5": {
							"vector": [0, 4, 0],
							"easing": "easeInOutQuint"
						}
					}
				},
				"gobbler": {
					"rotation": {
						"0.0": {
							"vector": [0, 0, 0]
						},
						"1.5": {
							"vector": [0, 0, 0],
							"easing": "easeInOutSine"
						}
					}
				},
				"torso": {
					"rotation": {
						"0.0": {
							"vector": [0, 0, 0]
						},
						"1.5": {
							"vector": [0, 0, 0],
							"easing": "easeInOutSine"
						}
					}
				},
				"head": {
					"rotation": {
						"0.0": {
							"vector": [0, 0, 0]
						},
						"0.5": {
							"vector": [-22.5, 0, 0],
							"easing": "easeInOutSine"
						},
						"1.0": {
							"vector": [13.31228, -12.2752, -19.00401],
							"easing": "easeInOutSine"
						},
						"1.5": {
							"vector": [0, 0, 0],
							"easing": "easeInOutSine"
						}
					}
				},
				"hat": {
					"rotation": {
						"0.0": {
							"vector": [0, 0, 0]
						},
						"0.5": {
							"vector": [-15, 0, 0],
							"easing": "easeInOutSine"
						},
						"1.0": {
							"vector": [10, 0, 0],
							"easing": "easeInOutSine"
						},
						"1.5": {
							"vector": [0, 0, 0],
							"easing": "easeInOutSine"
						}
					},
					"scale": {
						"0.0": {
							"vector": [1, 1, 1]
						},
						"1.5": {
							"vector": [1, 1, 1],
							"easing": "easeInOutSine"
						}
					}
				},
				"nose": {
					"rotation": {
						"0.0": {
							"vector": [0, 0, 0]
						},
						"0.5": {
							"vector": [-67.5, 0, 0],
							"easing": "easeOutSine"
						},
						"1.0": {
							"vector": [10.41312, -4.28156, 22.10967],
							"easing": "easeInOutSine"
						},
						"1.5": {
							"vector": [0, 0, 0],
							"easing": "easeInSine"
						}
					}
				},
				"earleft": {
					"rotation": {
						"0.0": {
							"vector": [0, 0, 0]
						},
						"0.5": {
							"vector": [0, 0, 0],
							"easing": "easeInOutSine"
						},
						"1.0": {
							"vector": [0, 0, 45],
							"easing": "easeInOutSine"
						},
						"1.5": {
							"vector": [0, 0, 0],
							"easing": "easeInOutSine"
						}
					}
				},
				"earright": {
					"rotation": {
						"0.0": {
							"vector": [0, 0, 0]
						},
						"0.5": {
							"vector": [0, 0, 0],
							"easing": "easeInOutSine"
						},
						"1.0": {
							"vector": [0, 0, -45],
							"easing": "easeInOutSine"
						},
						"1.5": {
							"vector": [0, 0, 0],
							"easing": "easeInOutSine"
						}
					}
				},
				"rightarm": {
					"rotation": {
						"0.0": {
							"vector": [10, -7, -14]
						},
						"1.5": {
							"vector": [10, -7, -14],
							"easing": "easeInOutSine"
						}
					},
					"position": {
						"0.0": {
							"vector": [0, 0.5, -0.5]
						},
						"1.5": {
							"vector": [0, 0.5, -0.5],
							"easing": "easeInOutSine"
						}
					}
				},
				"leftleg": {
					"rotation": {
						"0.0": {
							"vector": [0, 0, 0]
						},
						"0.5": {
							"vector": [42.73421, 15.69986, 28.67505],
							"easing": "easeInOutSine"
						},
						"1.1667": {
							"vector": [-30.51465, -53.13468, -19.79255],
							"easing": "easeInOutSine"
						},
						"1.5": {
							"vector": [0, 0, 0],
							"easing": "easeInOutSine"
						}
					},
					"position": {
						"0.0": {
							"vector": [0, 0, 0]
						},
						"0.5": {
							"vector": [0.5, 0, 0],
							"easing": "easeInOutSine"
						},
						"1.5": {
							"vector": [0, 0, 0],
							"easing": "easeInOutSine"
						}
					}
				},
				"rightleg": {
					"rotation": {
						"0.0": {
							"vector": [0, 0, 0]
						},
						"0.5": {
							"vector": [-18.45296, 21.28642, 8.37345],
							"easing": "easeInOutSine"
						},
						"1.0": {
							"vector": [45.79285, 11.34122, -21.49459],
							"easing": "easeInOutSine"
						},
						"1.5": {
							"vector": [0, 0, 0],
							"easing": "easeInOutSine"
						}
					},
					"position": {
						"0.0": {
							"vector": [0, 0, 0]
						},
						"1.5": {
							"vector": [0, 0, 0],
							"easing": "easeInOutSine"
						}
					}
				},
				"wand": {
					"rotation": {
						"0.0": {
							"vector": [0, 0, 0]
						},
						"0.5": {
							"vector": [0, 0, 0],
							"easing": "easeInOutSine"
						},
						"1.0": {
							"vector": [90, 0, 0],
							"easing": "easeInOutSine"
						},
						"1.5": {
							"vector": [0, 0, 0],
							"easing": "easeInOutSine"
						}
					}
				},
				"leftarmcontrol": {
					"rotation": {
						"0.0": {
							"vector": [0, 0, 0]
						},
						"0.5": {
							"vector": [3.14884, -59.76548, -0.66305],
							"easing": "easeInOutSine"
						},
						"1.0": {
							"vector": [-66.13896, 27.73194, -89.16285],
							"easing": "easeInOutSine"
						},
						"1.5": {
							"vector": [0, 0, 0],
							"easing": "easeInOutSine"
						}
					},
					"position": {
						"0.0": {
							"vector": [0, 0, 1]
						},
						"1.5": {
							"vector": [0, 0, 1],
							"easing": "easeInOutSine"
						}
					}
				}
			}
		},
		"sprint": {
			"loop": true,
			"animation_length": 2.5,
			"bones": {
				"all": {
					"rotation": {
						"0.0": {
							"vector": [0, 0, 0]
						},
						"0.5": {
							"vector": [-36.34359, -21.40584, 7.09999],
							"easing": "easeInOutSine"
						},
						"1.0": {
							"vector": [10.97176, 9.61156, -14.36326],
							"easing": "easeInOutSine"
						},
						"1.5": {
							"vector": [-13.84359, -21.40584, 7.09999],
							"easing": "easeInOutSine"
						},
						"2.0": {
							"vector": [10.97176, 9.61156, -14.36326],
							"easing": "easeInOutSine"
						},
						"2.5": {
							"vector": [0, 0, 0],
							"easing": "easeInSine"
						}
					},
					"position": {
						"0.0": {
							"vector": [0, 4, 0]
						},
						"0.25": {
							"vector": [0, 6, 0],
							"easing": "easeInOutSine"
						},
						"0.7917": {
							"vector": [0, 0, 0],
							"easing": "easeInOutSine"
						},
						"1.3333": {
							"vector": [0, 7, 0],
							"easing": "easeInOutSine"
						},
						"1.75": {
							"vector": [0, 3.5, 0],
							"easing": "easeInOutSine"
						},
						"2.0": {
							"vector": [0, 6, 0],
							"easing": "easeInOutSine"
						},
						"2.5": {
							"vector": [0, 4, 0],
							"easing": "easeInOutSine"
						}
					}
				},
				"gobbler": {
					"rotation": {
						"0.0": {
							"vector": [0, 0, 0]
						},
						"1.5": {
							"vector": [0, 0, 0],
							"easing": "easeInOutSine"
						},
						"2.5": {
							"vector": [0, 0, 0],
							"easing": "easeInSine"
						}
					}
				},
				"torso": {
					"rotation": {
						"0.0": {
							"vector": [0, 0, 0]
						},
						"0.5": {
							"vector": [-67.5, 0, 0],
							"easing": "easeInOutSine"
						},
						"1.1667": {
							"vector": [-11.25, 0, 0],
							"easing": "easeInOutSine"
						},
						"1.5": {
							"vector": [-22.5, 0, -22.5],
							"easing": "easeInOutSine"
						},
						"2.5": {
							"vector": [0, 0, 0],
							"easing": "easeInOutSine"
						}
					}
				},
				"head": {
					"rotation": {
						"0.0": {
							"vector": [0, 0, 0]
						},
						"0.5": {
							"vector": [-22.5, 0, 0],
							"easing": "easeInOutSine"
						},
						"1.0": {
							"vector": [67.5, 0, 0],
							"easing": "easeInOutSine"
						},
						"1.5": {
							"vector": [-22.5, 0, 0],
							"easing": "easeInOutSine"
						},
						"2.0": {
							"vector": [-22.5, 0, 0],
							"easing": "easeInOutSine"
						},
						"2.5": {
							"vector": [0, 0, 0],
							"easing": "easeInOutSine"
						}
					}
				},
				"hat": {
					"rotation": {
						"0.0": {
							"vector": [0, 0, 0]
						},
						"0.5": {
							"vector": [-15, 0, 0],
							"easing": "easeInOutSine"
						},
						"1.0": {
							"vector": [-15, 0, 0],
							"easing": "easeInOutSine"
						},
						"1.5": {
							"vector": [-15, 0, 0],
							"easing": "easeInOutSine"
						},
						"2.0": {
							"vector": [-15, 0, 0],
							"easing": "easeInOutSine"
						},
						"2.5": {
							"vector": [0, 0, 0]
						}
					},
					"scale": {
						"0.0": {
							"vector": [1, 1, 1]
						},
						"1.5": {
							"vector": [1, 1, 1],
							"easing": "easeInOutSine"
						}
					}
				},
				"nose": {
					"rotation": {
						"0.0": {
							"vector": [0, 0, 0]
						},
						"0.5": {
							"vector": [-67.5, 0, 0],
							"easing": "easeOutSine"
						},
						"1.0": {
							"vector": [-67.5, 0, 0],
							"easing": "easeOutSine"
						},
						"1.5": {
							"vector": [-67.5, 0, 0],
							"easing": "easeOutSine"
						},
						"2.0": {
							"vector": [-67.5, 0, 0],
							"easing": "easeOutSine"
						},
						"2.5": {
							"vector": [0, 0, 0],
							"easing": "easeInOutSine"
						}
					}
				},
				"earleft": {
					"rotation": {
						"0.0": {
							"vector": [0, 0, 0]
						},
						"0.5": {
							"vector": [0, 0, 0],
							"easing": "easeInOutSine"
						},
						"1.0": {
							"vector": [0, 0, 0],
							"easing": "easeInOutSine"
						},
						"1.5": {
							"vector": [0, 0, 0],
							"easing": "easeInOutSine"
						},
						"2.0": {
							"vector": [0, 0, 0],
							"easing": "easeInOutSine"
						},
						"2.5": {
							"vector": [0, 0, 0],
							"easing": "easeInOutSine"
						}
					}
				},
				"earright": {
					"rotation": {
						"0.0": {
							"vector": [0, 0, 0]
						},
						"0.5": {
							"vector": [0, 0, 0],
							"easing": "easeInOutSine"
						},
						"1.0": {
							"vector": [0, 0, 0],
							"easing": "easeInOutSine"
						},
						"1.5": {
							"vector": [0, 0, 0],
							"easing": "easeInOutSine"
						},
						"2.0": {
							"vector": [0, 0, 0],
							"easing": "easeInOutSine"
						},
						"2.5": {
							"vector": [0, 0, 0],
							"easing": "easeInOutSine"
						}
					}
				},
				"rightarm": {
					"rotation": {
						"0.0": {
							"vector": [10, -7, -14]
						},
						"0.5": {
							"vector": [-135.68147, -12.70662, -38.74002]
						},
						"0.75": {
							"vector": [-108.19851, 84.43133, -108.55585]
						},
						"1.0": {
							"vector": [19.71441, 66.12053, -89.61931]
						},
						"1.5": {
							"vector": [10, -7, -14],
							"easing": "easeInOutSine"
						},
						"2.0": {
							"vector": [20.06952, 56.2142, 54.40349],
							"easing": "easeInOutSine"
						},
						"2.5": {
							"vector": [10, -7, -14],
							"easing": "easeInOutSine"
						}
					},
					"position": {
						"0.0": {
							"vector": [0, 0.5, -0.5]
						},
						"0.75": {
							"vector": [0, 0.5, -0.5],
							"easing": "easeInOutSine"
						},
						"1.0": {
							"vector": [-2, -0.5, -2.5],
							"easing": "easeInOutSine"
						},
						"1.5": {
							"vector": [0, 0.5, -0.5],
							"easing": "easeInOutSine"
						},
						"2.5": {
							"vector": [0, 0, 0],
							"easing": "easeInOutSine"
						}
					}
				},
				"leftleg": {
					"rotation": {
						"0.0": {
							"vector": [0, 0, 0]
						},
						"0.5": {
							"vector": [42.73421, 15.69986, 28.67505],
							"easing": "easeInOutSine"
						},
						"1.0": {
							"vector": [0, 22.5, -45],
							"easing": "easeInOutSine"
						},
						"1.5": {
							"vector": [42.73421, 15.69986, 28.67505],
							"easing": "easeInOutSine"
						},
						"2.0": {
							"vector": [0, 22.5, -45],
							"easing": "easeInOutSine"
						},
						"2.5": {
							"vector": [0, 0, 0],
							"easing": "easeInOutSine"
						}
					},
					"position": {
						"0.0": {
							"vector": [0, 0, 0]
						},
						"0.5": {
							"vector": [0.5, 0, 0],
							"easing": "easeInOutSine"
						},
						"1.0": {
							"vector": [0.5, 0, 0],
							"easing": "easeInOutSine"
						},
						"1.5": {
							"vector": [0.5, 0, 0],
							"easing": "easeInOutSine"
						},
						"2.0": {
							"vector": [0.5, 0, 0],
							"easing": "easeInOutSine"
						}
					}
				},
				"rightleg": {
					"rotation": {
						"0.0": {
							"vector": [0, 0, 0]
						},
						"0.5": {
							"vector": [-18.45296, 21.28642, 8.37345],
							"easing": "easeInOutSine"
						},
						"1.0": {
							"vector": [94.04704, 21.28642, 8.37345],
							"easing": "easeInOutSine"
						},
						"1.5": {
							"vector": [-18.45296, 21.28642, 8.37345],
							"easing": "easeInOutSine"
						},
						"2.0": {
							"vector": [94.04704, 21.28642, 8.37345],
							"easing": "easeInOutSine"
						},
						"2.5": {
							"vector": [0, 0, 0],
							"easing": "easeInOutSine"
						}
					},
					"position": {
						"0.0": {
							"vector": [0, 0, 0]
						},
						"1.5": {
							"vector": [0, 0, 0],
							"easing": "easeInOutSine"
						}
					}
				},
				"wand": {
					"rotation": {
						"0.0": {
							"vector": [0, 0, 0]
						},
						"0.5": {
							"vector": [0, 0, 0],
							"easing": "easeInOutSine"
						},
						"1.0": {
							"vector": [135, 0, 0],
							"easing": "easeInOutSine"
						},
						"2.0": {
							"vector": [0, 0, 0],
							"easing": "easeInOutSine"
						},
						"2.5": {
							"vector": [67.5, 0, 0],
							"easing": "easeInOutSine"
						}
					}
				},
				"leftarmcontrol": {
					"rotation": {
						"0.0": {
							"vector": [0, 0, 0]
						},
						"0.5": {
							"vector": [3.14884, -59.76548, -0.66305],
							"easing": "easeInOutSine"
						},
						"1.0": {
							"vector": [-54.65278, 68.03624, -38.87299],
							"easing": "easeInOutSine"
						},
						"1.5": {
							"vector": [3.14884, -59.76548, -0.66305],
							"easing": "easeInOutSine"
						},
						"2.0": {
							"vector": [-20.66634, 30.18412, 2.98032],
							"easing": "easeInOutSine"
						},
						"2.5": {
							"vector": [-90, 67.5, -90]
						}
					},
					"position": {
						"0.0": {
							"vector": [0, 0, 1]
						},
						"1.5": {
							"vector": [0, 0, 1],
							"easing": "easeInOutSine"
						},
						"2.5": {
							"vector": [0, 0, 1]
						}
					}
				}
			}
		}
	},
	"geckolib_format_version": 2
}