{
	"format_version": "1.8.0",
	"animations": {
		"idle": {
			"loop": true,
			"animation_length": 5,
			"bones": {
				"all": {
					"position": {
						"0.0": {
							"vector": [0, 0, 0]
						},
						"2.5417": {
							"vector": [0, -0.25, 0],
							"easing": "easeInOutSine"
						},
						"5.0": {
							"vector": [0, 0, 0],
							"easing": "easeInOutSine"
						}
					},
					"scale": {
						"0.0": {
							"vector": [1, 1, 1]
						},
						"2.5417": {
							"vector": [1, 1, 1],
							"easing": "easeInOutSine"
						},
						"5.0": {
							"vector": [1, 1, 1],
							"easing": "easeInOutSine"
						}
					}
				},
				"torso": {
					"rotation": {
						"0.0": {
							"vector": [2.5, 0, 0]
						},
						"2.5417": {
							"vector": [5, 0, 0],
							"easing": "easeInOutSine"
						},
						"5.0": {
							"vector": [2.5, 0, 0],
							"easing": "easeInOutSine"
						}
					},
					"position": {
						"0.0": {
							"vector": [0, 0, 0]
						},
						"1.5": {
							"vector": [0, -1, 0],
							"easing": "easeInOutSine"
						},
						"5.0": {
							"vector": [0, 0, 0],
							"easing": "easeInOutSine"
						}
					}
				},
				"head": {
					"rotation": {
						"0.0": {
							"vector": [-2.5, 0, 0]
						},
						"2.5417": {
							"vector": [0, 0, 0],
							"easing": "easeInOutSine"
						},
						"5.0": {
							"vector": [-2.5, 0, 0],
							"easing": "easeInOutSine"
						}
					},
					"position": {
						"0.0": {
							"vector": [0, 0, 0]
						},
						"3.0": {
							"vector": [0, -0.3, -0.6],
							"easing": "easeInOutSine"
						},
						"5.0": {
							"vector": [0, 0, 0],
							"easing": "easeInOutSine"
						}
					}
				},
				"nose": {
					"rotation": {
						"0.0": {
							"vector": [0, 0, 0]
						},
						"2.5417": {
							"vector": [-10, 0, 0],
							"easing": "easeInOutSine"
						},
						"5.0": {
							"vector": [0, 0, 0],
							"easing": "easeInOutSine"
						}
					}
				},
				"earleft": {
					"rotation": {
						"0.0": {
							"vector": [0, 0, 0]
						},
						"2.5417": {
							"vector": [0, 0, 5],
							"easing": "easeInOutSine"
						},
						"4.375": {
							"vector": [0, 0, 0],
							"easing": "easeInOutSine"
						},
						"4.7083": {
							"vector": [0, 0, -7.5],
							"easing": "easeInOutSine"
						},
						"5.0": {
							"vector": [0, 0, 0],
							"easing": "easeInOutSine"
						}
					}
				},
				"earright": {
					"rotation": {
						"0.0": {
							"vector": [0, 0, 0]
						},
						"2.5417": {
							"vector": [0, 0, -5],
							"easing": "easeInOutSine"
						},
						"4.375": {
							"vector": [0, 0, 0],
							"easing": "easeInOutSine"
						},
						"4.7083": {
							"vector": [0, 0, 7.5],
							"easing": "easeInOutSine"
						},
						"5.0": {
							"vector": [0, 0, 0],
							"easing": "easeInOutSine"
						}
					}
				},
				"leftarm": {
					"rotation": {
						"0.0": {
							"vector": [-45, 30, 40]
						},
						"2.5417": {
							"vector": [-40, 30, 40],
							"easing": "easeInOutSine"
						},
						"5.0": {
							"vector": [-45, 30, 40],
							"easing": "easeInOutSine"
						}
					},
					"position": {
						"0.0": {
							"vector": [-0.5, -2, 1]
						},
						"2.5417": {
							"vector": [-0.5, -2, 1],
							"easing": "easeInOutSine"
						},
						"5.0": {
							"vector": [-0.5, -2, 1],
							"easing": "easeInOutSine"
						}
					}
				},
				"rightarm": {
					"rotation": {
						"0.0": {
							"vector": [-53.23876, 14.77453, 22.6841]
						},
						"2.5417": {
							"vector": [-53.23876, 14.77453, 22.6841],
							"easing": "easeInOutSine"
						},
						"5.0": {
							"vector": [-53.23876, 14.77453, 22.6841],
							"easing": "easeInOutSine"
						}
					},
					"position": {
						"0.0": {
							"vector": [-1, 0, 1]
						},
						"2.5417": {
							"vector": [-1, 0, 1],
							"easing": "easeInOutSine"
						},
						"5.0": {
							"vector": [-1, 0, 1],
							"easing": "easeInOutSine"
						}
					}
				},
				"leftleg": {
					"rotation": {
						"0.0": {
							"vector": [0, 0, -5]
						},
						"2.5417": {
							"vector": [0, 0, -5],
							"easing": "easeInOutSine"
						},
						"5.0": {
							"vector": [0, 0, -5],
							"easing": "easeInOutSine"
						}
					}
				},
				"rightleg": {
					"rotation": {
						"0.0": {
							"vector": [0, 0, 5]
						},
						"2.5417": {
							"vector": [0, 0, 5],
							"easing": "easeInOutSine"
						},
						"5.0": {
							"vector": [0, 0, 5],
							"easing": "easeInOutSine"
						}
					}
				},
				"axe": {
					"rotation": {
						"0.0": {
							"vector": [-5, 60, 0]
						},
						"2.5417": {
							"vector": [-5, 60, 0],
							"easing": "easeInOutSine"
						},
						"5.0": {
							"vector": [-5, 60, 0],
							"easing": "easeInOutSine"
						}
					},
					"position": {
						"0.0": {
							"vector": [6, 0.5, 1]
						},
						"2.5417": {
							"vector": [6, 0.5, 1],
							"easing": "easeInOutSine"
						},
						"5.0": {
							"vector": [6, 0.5, 1],
							"easing": "easeInOutSine"
						}
					}
				},
				"botharms": {
					"rotation": {
						"0.0": {
							"vector": [0, 0, -20]
						},
						"2.5417": {
							"vector": [15, 0, -20],
							"easing": "easeInOutSine"
						},
						"5.0": {
							"vector": [0, 0, -20],
							"easing": "easeInOutSine"
						}
					},
					"position": {
						"0.0": {
							"vector": [0.5, 0, -2]
						},
						"2.5417": {
							"vector": [0.5, -0.5, -2],
							"easing": "easeInOutSine"
						},
						"5.0": {
							"vector": [0.5, 0, -2],
							"easing": "easeInOutSine"
						}
					}
				}
			}
		},
		"walk": {
			"loop": true,
			"animation_length": 1.16667,
			"bones": {
				"all": {
					"rotation": {
						"0.0": {
							"vector": [0, 0, 0]
						},
						"0.2917": {
							"vector": [0, 0, -2],
							"easing": "easeOutSine"
						},
						"0.875": {
							"vector": [0, 0, 2],
							"easing": "easeInOutSine"
						},
						"1.1667": {
							"vector": [0, 0, 0],
							"easing": "easeInSine"
						}
					},
					"position": {
						"0.0": {
							"vector": [0, 0, 0]
						},
						"0.2917": {
							"vector": [0, -0.5, 0],
							"easing": "easeInOutSine"
						},
						"0.5833": {
							"vector": [0, 0, 0],
							"easing": "easeInOutSine"
						},
						"0.875": {
							"vector": [0, -0.5, 0],
							"easing": "easeInOutSine"
						},
						"1.1667": {
							"vector": [0, 0, 0]
						}
					},
					"scale": {
						"0.0": {
							"vector": [1, 1, 1]
						},
						"1.1667": {
							"vector": [1, 1, 1]
						}
					}
				},
				"nose": {
					"rotation": {
						"0.0": {
							"vector": [0, 0, 0]
						},
						"1.1667": {
							"vector": [0, 0, 0]
						}
					}
				},
				"leftarm": {
					"rotation": {
						"0.0": {
							"vector": [-45, 30, 40]
						},
						"1.1667": {
							"vector": [-45, 30, 40]
						}
					},
					"position": {
						"0.0": {
							"vector": [-0.5, -2, 1]
						},
						"1.1667": {
							"vector": [-0.5, -2, 1]
						}
					}
				},
				"rightarm": {
					"rotation": {
						"0.0": {
							"vector": [-53.23876, 14.77453, 22.6841]
						},
						"1.1667": {
							"vector": [-53.23876, 14.77453, 22.6841]
						}
					},
					"position": {
						"0.0": {
							"vector": [-1, 0, 1]
						},
						"1.1667": {
							"vector": [-1, 0, 1]
						}
					}
				},
				"leftleg": {
					"rotation": {
						"0.0": {
							"vector": [0, 0, 0]
						},
						"0.2917": {
							"vector": [-45, 0, 0],
							"easing": "easeOutSine"
						},
						"0.875": {
							"vector": [45, 0, 0],
							"easing": "easeInOutSine"
						},
						"1.1667": {
							"vector": [0, 0, 0],
							"easing": "easeInSine"
						}
					}
				},
				"rightleg": {
					"rotation": {
						"0.0": {
							"vector": [0, 0, 0]
						},
						"0.2917": {
							"vector": [45, 0, 0],
							"easing": "easeOutSine"
						},
						"0.875": {
							"vector": [-45, 0, 0],
							"easing": "easeInOutSine"
						},
						"1.1667": {
							"vector": [0, 0, 0],
							"easing": "easeInSine"
						}
					}
				},
				"torso": {
					"rotation": {
						"0.0": {
							"vector": [2.5, 0, 0]
						},
						"0.5833": {
							"vector": [10, 0, 0],
							"easing": "easeInOutSine"
						},
						"1.1667": {
							"vector": [2.5, 0, 0],
							"easing": "easeInOutSine"
						}
					},
					"position": {
						"0.0": {
							"vector": [0, 0, 0]
						},
						"0.5": {
							"vector": [0, -1, 0],
							"easing": "easeInOutSine"
						},
						"1.1667": {
							"vector": [0, 0, 0],
							"easing": "easeInOutSine"
						}
					}
				},
				"head": {
					"rotation": {
						"0.0": {
							"vector": [-2.5, 0, 0]
						},
						"0.5833": {
							"vector": [0, 0, 0],
							"easing": "easeInOutSine"
						},
						"1.1667": {
							"vector": [-2.5, 0, 0],
							"easing": "easeInOutSine"
						}
					},
					"position": {
						"0.0": {
							"vector": [0, 0, 0]
						},
						"0.6667": {
							"vector": [0, -0.3, -0.2],
							"easing": "easeInOutSine"
						},
						"1.1667": {
							"vector": [0, 0, 0],
							"easing": "easeInOutSine"
						}
					}
				},
				"earleft": {
					"rotation": {
						"0.0": {
							"vector": [0, 0, 0]
						},
						"0.5": {
							"vector": [0, 0, 10],
							"easing": "easeInSine"
						},
						"0.875": {
							"vector": [0, 0, -7.5],
							"easing": "easeInOutSine"
						},
						"1.1667": {
							"vector": [0, 0, 0],
							"easing": "easeInOutSine"
						}
					}
				},
				"earright": {
					"rotation": {
						"0.0": {
							"vector": [0, 0, 0]
						},
						"0.5": {
							"vector": [0, 0, -10],
							"easing": "easeInOutSine"
						},
						"0.875": {
							"vector": [0, 0, 7.5],
							"easing": "easeInOutSine"
						},
						"1.1667": {
							"vector": [0, 0, 0],
							"easing": "easeInOutSine"
						}
					}
				},
				"botharms": {
					"rotation": {
						"0.0": {
							"vector": [0, 0, -20]
						},
						"0.25": {
							"vector": [0, 0, -25],
							"easing": "easeOutSine"
						},
						"0.875": {
							"vector": [0, 0, -14.17],
							"easing": "easeInOutSine"
						},
						"1.1667": {
							"vector": [0, 0, -20],
							"easing": "easeInSine"
						}
					},
					"position": {
						"0.0": {
							"vector": [0.5, 0, -2]
						},
						"1.1667": {
							"vector": [0.5, 0, -2]
						}
					}
				},
				"axe": {
					"rotation": {
						"0.0": {
							"vector": [-5, 60, 0]
						},
						"1.1667": {
							"vector": [-5, 60, 0]
						}
					},
					"position": {
						"0.0": {
							"vector": [6, 0.5, 1]
						},
						"1.1667": {
							"vector": [6, 0.5, 1]
						}
					}
				}
			}
		},
		"sprint": {
			"loop": true,
			"animation_length": 2.5,
			"bones": {
				"all": {
					"rotation": {
						"0.0": {
							"vector": [0, 0, 0]
						},
						"0.2083": {
							"vector": [0, 0, -10],
							"easing": "easeOutSine"
						},
						"0.625": {
							"vector": [0, 0, 10],
							"easing": "easeInOutSine"
						},
						"0.8333": {
							"vector": [0, 0, 0],
							"easing": "easeInSine"
						},
						"1.0417": {
							"vector": [0, 0, -10],
							"easing": "easeOutSine"
						},
						"1.4583": {
							"vector": [0, 0, 10],
							"easing": "easeInOutSine"
						},
						"1.6667": {
							"vector": [0, 0, 0],
							"easing": "easeInSine"
						},
						"1.875": {
							"vector": [0, 0, -10],
							"easing": "easeOutSine"
						},
						"2.2917": {
							"vector": [0, 0, 10],
							"easing": "easeInOutSine"
						},
						"2.5": {
							"vector": [0, 0, 0],
							"easing": "easeInOutSine"
						}
					},
					"position": {
						"vector": [0, 0, 0]
					},
					"scale": {
						"vector": [1, 1, 1]
					}
				},
				"torso": {
					"rotation": {
						"0.0": {
							"vector": [2.5, 0, 0]
						},
						"0.5": {
							"vector": [-35, 0, 0],
							"easing": "easeInOutSine"
						},
						"1.0": {
							"vector": [25, 0, 0],
							"easing": "easeInOutSine"
						},
						"1.5": {
							"vector": [-12.5, 0, 0],
							"easing": "easeInOutSine"
						},
						"2.0": {
							"vector": [2.5, 0, 0],
							"easing": "easeInOutSine"
						},
						"2.5": {
							"vector": [2.5, 0, 0]
						}
					},
					"position": {
						"0.0": {
							"vector": [0, 0, 0]
						},
						"0.4167": {
							"vector": [0, -1, -0.5],
							"easing": "easeInOutSine"
						},
						"1.0": {
							"vector": [0, 0, 0],
							"easing": "easeInOutSine"
						},
						"1.4167": {
							"vector": [0, -1, 0],
							"easing": "easeInOutSine"
						},
						"2.0": {
							"vector": [0, 0, 0],
							"easing": "easeInOutSine"
						},
						"2.5": {
							"vector": [0, 0, 0]
						}
					}
				},
				"head": {
					"rotation": {
						"0.0": {
							"vector": [-10, 0, 0]
						},
						"0.4167": {
							"vector": [-40, 0, 0],
							"easing": "easeInOutSine"
						},
						"0.8333": {
							"vector": [35, 0, 0],
							"easing": "easeInOutSine"
						},
						"1.25": {
							"vector": [5.40961, 22.40972, 2.06754],
							"easing": "easeInOutSine"
						},
						"1.6667": {
							"vector": [67.21911, 35.39626, 29.83757],
							"easing": "easeInOutSine"
						},
						"2.5": {
							"vector": [-2.5, 0, 0]
						}
					},
					"position": {
						"0.0": {
							"vector": [0, 0, 0]
						},
						"1.25": {
							"vector": [0, 0, 0],
							"easing": "easeInOutSine"
						},
						"1.6667": {
							"vector": [-1, 0, -1],
							"easing": "easeInOutSine"
						},
						"2.5": {
							"vector": [0, 0, 0],
							"easing": "easeInOutSine"
						}
					}
				},
				"nose": {
					"rotation": {
						"0.0": {
							"vector": [0, 0, 0]
						},
						"0.5": {
							"vector": [-90, 0, 0],
							"easing": "easeInOutSine"
						},
						"1.0": {
							"vector": [0, 0, 0],
							"easing": "easeInOutSine"
						},
						"1.5": {
							"vector": [-22.5, 0, 0],
							"easing": "easeInOutSine"
						},
						"1.75": {
							"vector": [0, 0, 0],
							"easing": "easeInOutSine"
						},
						"2.0": {
							"vector": [-22.5, 0, 0],
							"easing": "easeInOutSine"
						},
						"2.3333": {
							"vector": [-30, 0, 0],
							"easing": "easeInOutSine"
						},
						"2.5": {
							"vector": [0, 0, 0]
						}
					}
				},
				"earleft": {
					"rotation": {
						"0.0": {
							"vector": [0, 0, 0]
						},
						"0.5": {
							"vector": [0, 0, 45]
						},
						"1.0": {
							"vector": [0, 0, 0],
							"easing": "easeInOutSine"
						},
						"2.5": {
							"vector": [0, 0, 0]
						}
					}
				},
				"earright": {
					"rotation": {
						"0.0": {
							"vector": [0, 0, 0]
						},
						"0.5": {
							"vector": [0, 0, -45]
						},
						"1.0": {
							"vector": [0, 0, 0],
							"easing": "easeInOutSine"
						},
						"2.5": {
							"vector": [0, 0, 0]
						}
					}
				},
				"leftarm": {
					"rotation": {
						"0.0": {
							"vector": [-45, 30, 40]
						},
						"1.0": {
							"vector": [-45, 30, 40]
						},
						"2.0": {
							"vector": [-45, 30, 40]
						},
						"2.5": {
							"vector": [-45, 30, 40]
						}
					},
					"position": {
						"0.0": {
							"vector": [-0.5, -2, 1]
						},
						"1.0": {
							"vector": [-0.5, -2, 1]
						},
						"2.0": {
							"vector": [-0.5, -2, 1]
						},
						"2.5": {
							"vector": [-0.5, -2, 1]
						}
					}
				},
				"rightarm": {
					"rotation": {
						"0.0": {
							"vector": [-53.23876, 14.77453, 22.6841]
						},
						"1.0": {
							"vector": [-53.23876, 14.77453, 22.6841]
						},
						"2.0": {
							"vector": [-53.23876, 14.77453, 22.6841]
						},
						"2.5": {
							"vector": [-53.23876, 14.77453, 22.6841]
						}
					},
					"position": {
						"0.0": {
							"vector": [-1, 0, 1]
						},
						"1.0": {
							"vector": [-1, 0, 1]
						},
						"2.0": {
							"vector": [-1, 0, 1]
						},
						"2.5": {
							"vector": [-1, 0, 1]
						}
					}
				},
				"leftleg": {
					"rotation": {
						"0.0": {
							"vector": [0, 0, 0]
						},
						"0.2083": {
							"vector": [-67.5, 0, 0],
							"easing": "easeOutSine"
						},
						"0.625": {
							"vector": [67.5, 0, 0],
							"easing": "easeInOutSine"
						},
						"0.8333": {
							"vector": [0, 0, 0],
							"easing": "easeInSine"
						},
						"1.0417": {
							"vector": [-67.5, 0, 0],
							"easing": "easeOutSine"
						},
						"1.4583": {
							"vector": [67.5, 0, 0],
							"easing": "easeInOutSine"
						},
						"1.6667": {
							"vector": [0, 0, 0],
							"easing": "easeInSine"
						},
						"1.875": {
							"vector": [-67.5, 0, 0],
							"easing": "easeOutSine"
						},
						"2.2917": {
							"vector": [67.5, 0, 0],
							"easing": "easeInOutSine"
						},
						"2.5": {
							"vector": [0, 0, -5]
						}
					}
				},
				"rightleg": {
					"rotation": {
						"0.0": {
							"vector": [0, 0, 0]
						},
						"0.2083": {
							"vector": [67.5, 0, 0],
							"easing": "easeOutSine"
						},
						"0.625": {
							"vector": [-67.5, 0, 0],
							"easing": "easeInOutSine"
						},
						"0.8333": {
							"vector": [0, 0, 0],
							"easing": "easeInSine"
						},
						"1.0417": {
							"vector": [67.5, 0, 0],
							"easing": "easeOutSine"
						},
						"1.4583": {
							"vector": [-67.5, 0, 0],
							"easing": "easeInOutSine"
						},
						"1.6667": {
							"vector": [0, 0, 0],
							"easing": "easeInSine"
						},
						"1.875": {
							"vector": [67.5, 0, 0],
							"easing": "easeOutSine"
						},
						"2.2917": {
							"vector": [-67.5, 0, 0],
							"easing": "easeInOutSine"
						},
						"2.5": {
							"vector": [0, 0, 5]
						}
					}
				},
				"botharms": {
					"rotation": {
						"0.0": {
							"vector": [0, 0, -20]
						},
						"0.75": {
							"vector": [-45, 0, -14.17],
							"easing": "easeInOutSine"
						},
						"1.2083": {
							"vector": [0, 0, -25],
							"easing": "easeOutSine"
						},
						"1.6667": {
							"vector": [-17.5, 0, -14.79026],
							"easing": "easeInOutSine"
						},
						"2.0": {
							"vector": [0, 0, -20],
							"easing": "easeInSine"
						},
						"2.5": {
							"vector": [0, 0, -20]
						}
					},
					"position": {
						"0.0": {
							"vector": [0.5, 0, -2]
						},
						"1.0": {
							"vector": [0.5, 0, -2]
						},
						"2.0": {
							"vector": [0.5, 0, -2]
						},
						"2.5": {
							"vector": [0.5, 0, -2]
						}
					}
				},
				"axe": {
					"rotation": {
						"0.0": {
							"vector": [-5, 60, 0]
						},
						"1.2083": {
							"vector": [-5, 60, 0]
						},
						"1.75": {
							"vector": [-55.91669, 21.0962, -66.4046],
							"easing": "easeInOutSine"
						},
						"2.5": {
							"vector": [-5, 60, 0],
							"easing": "easeInOutSine"
						}
					},
					"position": {
						"0.0": {
							"vector": [6, 0.5, 1]
						},
						"1.0": {
							"vector": [6, 0.5, 1]
						},
						"2.0": {
							"vector": [6, 0.5, 1]
						},
						"2.5": {
							"vector": [6, 0.5, 1]
						}
					}
				}
			}
		},
		"attack": {
			"loop": true,
			"animation_length": 1.5,
			"bones": {
				"all": {
					"rotation": {
						"0.0": {
							"vector": [0, 0, 0]
						},
						"0.3333": {
							"vector": [-4.98107, -0.43523, -4.98107],
							"easing": "easeInOutSine"
						},
						"0.625": {
							"vector": [-14.80364, -2.36534, -12.23097],
							"easing": "easeInOutSine"
						},
						"0.75": {
							"vector": [-11.39626, -0.69165, -4.73794],
							"easing": "easeInOutSine"
						},
						"0.9167": {
							"vector": [-4.98107, -0.43523, -4.98107],
							"easing": "easeInSine"
						},
						"1.0833": {
							"vector": [-4.98107, -0.43523, -4.98107],
							"easing": "easeInSine"
						},
						"1.5": {
							"vector": [0, 0, 0],
							"easing": "easeInOutSine"
						}
					},
					"position": {
						"0.0": {
							"vector": [0, 0, 0]
						},
						"1.5": {
							"vector": [0, 0, 0],
							"easing": "easeInOutSine"
						}
					},
					"scale": {
						"0.0": {
							"vector": [1, 1, 1]
						},
						"1.5": {
							"vector": [1, 1, 1],
							"easing": "easeInOutSine"
						}
					}
				},
				"torso": {
					"rotation": {
						"0.0": {
							"vector": [2.5, 0, 0]
						},
						"0.625": {
							"vector": [-65, 0, 0],
							"easing": "easeInOutSine"
						},
						"0.9167": {
							"vector": [70, 0, 0],
							"easing": "easeInSine"
						},
						"1.25": {
							"vector": [75.73, 0, 0],
							"easing": "easeOutSine"
						},
						"1.5": {
							"vector": [2.5, 0, 0],
							"easing": "easeInOutSine"
						}
					},
					"position": {
						"0.0": {
							"vector": [0, 0, 0]
						},
						"1.5": {
							"vector": [0, 0, 0],
							"easing": "easeInOutSine"
						}
					}
				},
				"head": {
					"rotation": {
						"0.0": {
							"vector": [-2.5, 0, 0]
						},
						"0.625": {
							"vector": [-23.30696, 9.30727, 20.57639],
							"easing": "easeInOutSine"
						},
						"0.9167": {
							"vector": [-23.30696, 9.30727, 20.57639],
							"easing": "easeInSine"
						},
						"1.0833": {
							"vector": [-23.30696, 9.30727, 20.57639],
							"easing": "easeOutSine"
						},
						"1.5": {
							"vector": [-2.5, 0, 0],
							"easing": "easeInOutSine"
						}
					},
					"position": {
						"0.0": {
							"vector": [0, 0, 0]
						},
						"1.5": {
							"vector": [0, 0, 0],
							"easing": "easeInOutSine"
						}
					}
				},
				"nose": {
					"rotation": {
						"0.0": {
							"vector": [0, 0, 0]
						},
						"0.625": {
							"vector": [0, 0, 15],
							"easing": "easeInOutSine"
						},
						"0.9167": {
							"vector": [0, 0, 15],
							"easing": "easeInSine"
						},
						"1.0833": {
							"vector": [0, 0, 15],
							"easing": "easeOutSine"
						},
						"1.5": {
							"vector": [0, 0, 0],
							"easing": "easeInOutSine"
						}
					}
				},
				"earleft": {
					"rotation": {
						"0.0": {
							"vector": [0, 0, 0]
						},
						"1.5": {
							"vector": [0, 0, 0],
							"easing": "easeInOutSine"
						}
					}
				},
				"earright": {
					"rotation": {
						"0.0": {
							"vector": [0, 0, 0]
						},
						"1.5": {
							"vector": [0, 0, 0],
							"easing": "easeInOutSine"
						}
					}
				},
				"leftarm": {
					"rotation": {
						"0.0": {
							"vector": [-45, 30, 40]
						},
						"1.5": {
							"vector": [-45, 30, 40],
							"easing": "easeInOutSine"
						}
					},
					"position": {
						"0.0": {
							"vector": [-0.5, -2, 1]
						},
						"1.5": {
							"vector": [-0.5, -2, 1],
							"easing": "easeInOutSine"
						}
					}
				},
				"rightarm": {
					"rotation": {
						"0.0": {
							"vector": [-53.23876, 14.77453, 22.6841]
						},
						"1.5": {
							"vector": [-53.23876, 14.77453, 22.6841],
							"easing": "easeInOutSine"
						}
					},
					"position": {
						"0.0": {
							"vector": [-1, 0, 1]
						},
						"1.5": {
							"vector": [-1, 0, 1],
							"easing": "easeInOutSine"
						}
					}
				},
				"leftleg": {
					"rotation": {
						"0.0": {
							"vector": [0, 0, -5]
						},
						"0.4167": {
							"vector": [-122.11, 0, -5],
							"easing": "easeInOutSine"
						},
						"0.5417": {
							"vector": [-170.3325, 0, -5],
							"easing": "easeInOutSine"
						},
						"0.625": {
							"vector": [-107.66625, 0, -5],
							"easing": "easeInOutSine"
						},
						"0.75": {
							"vector": [-135, 0, -5],
							"easing": "easeInOutSine"
						},
						"0.9167": {
							"vector": [135, 0, -5],
							"easing": "easeInSine"
						},
						"1.0833": {
							"vector": [157.5, 0, -5],
							"easing": "easeOutSine"
						},
						"1.5": {
							"vector": [0, 0, -5],
							"easing": "easeInOutSine"
						}
					}
				},
				"rightleg": {
					"rotation": {
						"0.0": {
							"vector": [0, 0, 5]
						},
						"1.5": {
							"vector": [0, 0, 5],
							"easing": "easeInOutSine"
						}
					}
				},
				"axe": {
					"rotation": {
						"0.0": {
							"vector": [-5, 60, 0]
						},
						"0.625": {
							"vector": [-5, 60, 0],
							"easing": "easeInOutSine"
						},
						"0.9167": {
							"vector": [85, 60, 0],
							"easing": "easeInSine"
						},
						"1.0833": {
							"vector": [75, 60, 0],
							"easing": "easeOutSine"
						},
						"1.5": {
							"vector": [-5, 60, 0],
							"easing": "easeInOutSine"
						}
					},
					"position": {
						"0.0": {
							"vector": [6, 0.5, 1]
						},
						"1.5": {
							"vector": [6, 0.5, 1],
							"easing": "easeInOutSine"
						}
					}
				},
				"botharms": {
					"rotation": {
						"0.0": {
							"vector": [0, 0, -20]
						},
						"0.625": {
							"vector": [-90, 0, 25],
							"easing": "easeInOutSine"
						},
						"0.9167": {
							"vector": [-75, 0, 25],
							"easing": "easeInSine"
						},
						"1.0833": {
							"vector": [-75, 0, 25],
							"easing": "easeOutSine"
						},
						"1.5": {
							"vector": [0, 0, -20],
							"easing": "easeInOutSine"
						}
					},
					"position": {
						"0.0": {
							"vector": [0.5, 0, -2]
						},
						"0.625": {
							"vector": [1.5, 4, 1],
							"easing": "easeInOutSine"
						},
						"0.9167": {
							"vector": [1.5, 4, 1],
							"easing": "easeInSine"
						},
						"1.0833": {
							"vector": [1.5, 4, 1],
							"easing": "easeOutSine"
						},
						"1.5": {
							"vector": [0.5, 0, -2],
							"easing": "easeInOutSine"
						}
					}
				}
			}
		}
	},
	"geckolib_format_version": 2
}