{
	"format_version": "1.8.0",
	"animations": {
		"idle": {
			"loop": true,
			"animation_length": 8,
			"bones": {
				"all": {
					"rotation": {
						"0.0": {
							"vector": [0, 0, 0]
						},
						"2.0": {
							"vector": [2.5, 0, 0],
							"easing": "easeInOutSine"
						},
						"4.0": {
							"vector": [0, 0, 0],
							"easing": "easeInOutSine"
						},
						"6.0": {
							"vector": [2.5, 0, 0],
							"easing": "easeInOutSine"
						},
						"8.0": {
							"vector": [0, 0, 0],
							"easing": "easeInOutSine"
						}
					},
					"position": {
						"0.0": {
							"vector": [0, 0, 0]
						},
						"2.0": {
							"vector": [0, 0, 0.2],
							"easing": "easeInOutSine"
						},
						"4.0": {
							"vector": [0, 0, 0],
							"easing": "easeInOutSine"
						},
						"6.0": {
							"vector": [0, 0, 0.2],
							"easing": "easeInOutSine"
						},
						"8.0": {
							"vector": [0, 0, 0],
							"easing": "easeInOutSine"
						}
					}
				},
				"head": {
					"rotation": {
						"0.0": {
							"vector": [0, 0, 0]
						},
						"1.5": {
							"vector": [0, 0, 0],
							"easing": "easeInOutBack"
						},
						"1.6667": {
							"vector": [0, -12.5, 0],
							"easing": "easeInOutBack"
						},
						"1.8333": {
							"vector": [0, 11.25, 0],
							"easing": "easeInOutBack"
						},
						"2.0": {
							"vector": [0, 0, 0],
							"easing": "easeInOutBack"
						},
						"7.0": {
							"vector": [0, 0, 0],
							"easing": "easeInBack",
							"easingArgs": [0.1]
						},
						"7.0833": {
							"vector": [0, -89.92, 0],
							"easing": "easeInSine"
						},
						"7.1667": {
							"vector": [0, -67.42, 0],
							"easing": "easeOutBack"
						},
						"7.3333": {
							"vector": [0, 72.5, 0],
							"easing": "easeInSine"
						},
						"7.375": {
							"vector": [0, 45, 0],
							"easing": "easeOutBack",
							"easingArgs": [0.1]
						},
						"8.0": {
							"vector": [0, 0, 0],
							"easing": "easeInBack",
							"easingArgs": [0.1]
						}
					}
				},
				"leftarm": {
					"rotation": {
						"0.0": {
							"vector": [0, 0, 0]
						},
						"2.0": {
							"vector": [-2.5, 0, 0],
							"easing": "easeInOutSine"
						},
						"4.0": {
							"vector": [0, 0, 0],
							"easing": "easeInOutSine"
						},
						"6.0": {
							"vector": [-2.5, 0, 0],
							"easing": "easeInOutSine"
						},
						"8.0": {
							"vector": [0, 0, 0],
							"easing": "easeInOutSine"
						}
					}
				},
				"rightarm": {
					"rotation": {
						"0.0": {
							"vector": [0, 0, 0]
						},
						"2.0": {
							"vector": [-2.5, 0, 0],
							"easing": "easeInOutSine"
						},
						"4.0": {
							"vector": [0, 0, 0],
							"easing": "easeInOutSine"
						},
						"6.0": {
							"vector": [-2.5, 0, 0],
							"easing": "easeInOutSine"
						},
						"8.0": {
							"vector": [0, 0, 0],
							"easing": "easeInOutSine"
						}
					}
				},
				"torso": {
					"rotation": {
						"0.0": {
							"vector": [0, 0, 0]
						},
						"2.0": {
							"vector": [-2.5, 0, 0],
							"easing": "easeInOutSine"
						},
						"4.0": {
							"vector": [0, 0, 0],
							"easing": "easeInOutSine"
						},
						"6.0": {
							"vector": [-2.5, 0, 0],
							"easing": "easeInOutSine"
						},
						"8.0": {
							"vector": [0, 0, 0],
							"easing": "easeInOutSine"
						}
					}
				}
			}
		},
		"walk": {
			"loop": true,
			"animation_length": 1.5,
			"bones": {
				"all": {
					"rotation": {
						"0.0": {
							"vector": [0, 0, -5]
						},
						"0.375": {
							"vector": [-22.5, 0, 0],
							"easing": "easeInOutSine"
						},
						"0.75": {
							"vector": [0, 0, 5],
							"easing": "easeInOutSine"
						},
						"1.125": {
							"vector": [-17.5, 0, 0],
							"easing": "easeInOutSine"
						},
						"1.5": {
							"vector": [0, 0, -5],
							"easing": "easeInOutSine"
						}
					},
					"position": {
						"0.0": {
							"vector": [0, 0, 0]
						},
						"0.75": {
							"vector": [0, 0, 0],
							"easing": "easeInOutSine"
						},
						"1.5": {
							"vector": [0, 0, 0],
							"easing": "easeInOutSine"
						}
					}
				},
				"leftarm": {
					"rotation": {
						"0.0": {
							"vector": [5, 0, 0],
							"easing": "easeInOutSine"
						},
						"0.75": {
							"vector": [134.84126, 7.04533, -2.57816],
							"easing": "easeInOutSine"
						},
						"1.125": {
							"vector": [0, 0, -10],
							"easing": "easeInOutSine"
						},
						"1.5": {
							"vector": [5, 0, 0],
							"easing": "easeInOutSine"
						}
					},
					"position": {
						"0.0": {
							"vector": [0, 0, 0]
						},
						"0.375": {
							"vector": [0, 4, 0],
							"easing": "easeInOutSine"
						},
						"0.75": {
							"vector": [0, 0, 0],
							"easing": "easeInOutSine"
						},
						"1.125": {
							"vector": [0, 2, 0],
							"easing": "easeInOutSine"
						},
						"1.5": {
							"vector": [0, 0, 0],
							"easing": "easeInOutSine"
						}
					}
				},
				"rightarm": {
					"rotation": {
						"0.0": {
							"vector": [129.81092, -6.79382, 3.18458]
						},
						"0.375": {
							"vector": [0, 0, -10],
							"easing": "easeInOutSine"
						},
						"0.75": {
							"vector": [5, 0, 0],
							"easing": "easeInOutSine"
						},
						"1.125": {
							"vector": [67.5, 0, 10],
							"easing": "easeInOutSine"
						},
						"1.5": {
							"vector": [129.81092, -6.79382, 3.18458],
							"easing": "easeInOutSine"
						}
					},
					"position": {
						"0.0": {
							"vector": [0, 0, 0]
						},
						"0.375": {
							"vector": [0, 2, 0],
							"easing": "easeInOutSine"
						},
						"0.75": {
							"vector": [0, 0, 0],
							"easing": "easeInOutSine"
						},
						"1.125": {
							"vector": [0, 4, 0],
							"easing": "easeInOutSine"
						},
						"1.5": {
							"vector": [0, 0, 0],
							"easing": "easeInOutSine"
						}
					}
				},
				"torso": {
					"rotation": {
						"0.0": {
							"vector": [0, 0, 0]
						},
						"0.375": {
							"vector": [17.5, 0, 0],
							"easing": "easeInOutSine"
						},
						"0.75": {
							"vector": [0, 0, 0],
							"easing": "easeInOutSine"
						},
						"1.125": {
							"vector": [17.5, 0, 0],
							"easing": "easeInOutSine"
						},
						"1.5": {
							"vector": [0, 0, 0],
							"easing": "easeInOutSine"
						}
					}
				},
				"head": {
					"rotation": {
						"0.0": {
							"vector": [0, 5, 0]
						},
						"0.375": {
							"vector": [5.7632, -24.3683, -13.74538],
							"easing": "easeOutCubic"
						},
						"1.0": {
							"vector": [5.7632, 24.3683, 13.74538],
							"easing": "easeInOutElastic"
						},
						"1.5": {
							"vector": [0, 5, 0],
							"easing": "easeInElastic"
						}
					}
				}
			}
		},
		"sprint": {
			"loop": true,
			"animation_length": 1,
			"bones": {
				"all": {
					"rotation": {
						"0.0": {
							"vector": [0, 0, -15]
						},
						"0.25": {
							"vector": [-22.5, 0, 0],
							"easing": "easeInOutSine"
						},
						"0.5": {
							"vector": [0, 0, 15],
							"easing": "easeInOutSine"
						},
						"0.75": {
							"vector": [-17.5, 0, 0],
							"easing": "easeInOutSine"
						},
						"1.0": {
							"vector": [0, 0, -15]
						}
					},
					"position": {
						"0.0": {
							"vector": [0, 0, 0]
						},
						"0.5": {
							"vector": [0, 0, 0],
							"easing": "easeInOutSine"
						},
						"1.0": {
							"vector": [0, 0, 0],
							"easing": "easeInOutSine"
						}
					}
				},
				"leftarm": {
					"rotation": {
						"0.0": {
							"vector": [5, 0, 0],
							"easing": "easeInOutSine"
						},
						"0.5": {
							"vector": [134.84126, 7.04533, -2.57816],
							"easing": "easeInOutSine"
						},
						"0.75": {
							"vector": [0, 0, -10],
							"easing": "easeInOutSine"
						},
						"1.0": {
							"vector": [5, 0, 0],
							"easing": "easeInOutSine"
						}
					},
					"position": {
						"0.0": {
							"vector": [0, 0, 0]
						},
						"0.25": {
							"vector": [0, 4, 0],
							"easing": "easeInOutSine"
						},
						"0.5": {
							"vector": [0, 0, 0],
							"easing": "easeInOutSine"
						},
						"0.75": {
							"vector": [0, 2, 0],
							"easing": "easeInOutSine"
						},
						"1.0": {
							"vector": [0, 0, 0],
							"easing": "easeInOutSine"
						}
					}
				},
				"rightarm": {
					"rotation": {
						"0.0": {
							"vector": [129.81092, -6.79382, 3.18458]
						},
						"0.25": {
							"vector": [0, 0, -10],
							"easing": "easeInOutSine"
						},
						"0.5": {
							"vector": [5, 0, 0],
							"easing": "easeInOutSine"
						},
						"0.75": {
							"vector": [67.5, 0, 10],
							"easing": "easeInOutSine"
						},
						"1.0": {
							"vector": [129.81092, -6.79382, 3.18458],
							"easing": "easeInOutSine"
						}
					},
					"position": {
						"0.0": {
							"vector": [0, 0, 0]
						},
						"0.25": {
							"vector": [0, 2, 0],
							"easing": "easeInOutSine"
						},
						"0.5": {
							"vector": [0, 0, 0],
							"easing": "easeInOutSine"
						},
						"0.75": {
							"vector": [0, 4, 0],
							"easing": "easeInOutSine"
						},
						"1.0": {
							"vector": [0, 0, 0],
							"easing": "easeInOutSine"
						}
					}
				},
				"torso": {
					"rotation": {
						"0.0": {
							"vector": [0, 0, 0]
						},
						"0.25": {
							"vector": [17.5, 0, 0],
							"easing": "easeInOutSine"
						},
						"0.5": {
							"vector": [0, 0, 0],
							"easing": "easeInOutSine"
						},
						"0.75": {
							"vector": [17.5, 0, 0],
							"easing": "easeInOutSine"
						},
						"1.0": {
							"vector": [0, 0, 0],
							"easing": "easeInOutSine"
						}
					}
				},
				"head": {
					"rotation": {
						"0.0": {
							"vector": [0, 5, 0]
						},
						"0.25": {
							"vector": [5.7632, -24.3683, -13.74538],
							"easing": "easeOutCubic"
						},
						"0.6667": {
							"vector": [5.7632, 24.3683, 13.74538],
							"easing": "easeInOutElastic"
						},
						"1.0": {
							"vector": [0, 5, 0],
							"easing": "easeInSine"
						}
					}
				}
			}
		}
	},
	"geckolib_format_version": 2
}