{
	"format_version": "1.8.0",
	"animations": {
		"idle": {
			"loop": true,
			"animation_length": 10,
			"bones": {
				"torso": {
					"rotation": {
						"0.0": {
							"vector": [0, 0, 0]
						},
						"2.5": {
							"vector": [1, 0, 0],
							"easing": "easeInOutSine"
						},
						"5.0": {
							"vector": [0, 0, 0],
							"easing": "easeInOutSine"
						},
						"7.5": {
							"vector": [1, 0, 0],
							"easing": "easeInOutSine"
						},
						"10.0": {
							"vector": [0, 0, 0],
							"easing": "easeInOutSine"
						}
					}
				},
				"head": {
					"rotation": {
						"0.0": {
							"vector": [0, 0, 0]
						},
						"2.5": {
							"vector": [2.5, 0, 0],
							"easing": "easeInOutSine"
						},
						"5.0": {
							"vector": [0, 0, 0],
							"easing": "easeInOutSine"
						},
						"7.4167": {
							"vector": [2.5, 0, 0],
							"easing": "easeInOutSine"
						},
						"7.8333": {
							"vector": [-8.1961, 22.48996, 0.69023],
							"easing": "easeInOutBack"
						},
						"8.7083": {
							"vector": [-8.93605, -33.7491, -0.42192],
							"easing": "easeInOutBack"
						},
						"9.5833": {
							"vector": [0, 0, 0],
							"easing": "easeInOutBack"
						},
						"10.0": {
							"vector": [0, 0, 0],
							"easing": "easeInOutSine"
						}
					}
				},
				"visor": {
					"rotation": {
						"0.0": {
							"vector": [0, 0, 0]
						},
						"7.0": {
							"vector": [0, 0, 0],
							"easing": "easeInOutBack"
						},
						"7.4167": {
							"vector": [-42.5, 0, 0],
							"easing": "easeInOutBack"
						},
						"9.0": {
							"vector": [-42.5, 0, 0],
							"easing": "easeInOutBack"
						},
						"9.4167": {
							"vector": [0, 0, 0],
							"easing": "easeInOutBack"
						}
					}
				},
				"shield": {
					"rotation": {
						"0.0": {
							"vector": [0, 0, 0]
						},
						"3.125": {
							"vector": [1, 0, 0],
							"easing": "easeInOutSine"
						},
						"5.0": {
							"vector": [0, 0, 0],
							"easing": "easeInOutSine"
						},
						"8.125": {
							"vector": [1, 0, 0],
							"easing": "easeInOutSine"
						},
						"10.0": {
							"vector": [0, 0, 0],
							"easing": "easeInOutSine"
						}
					}
				},
				"sword": {
					"rotation": {
						"0.0": {
							"vector": [0, 0, 0]
						},
						"3.125": {
							"vector": [2.5, 0, 0],
							"easing": "easeInOutSine"
						},
						"5.0": {
							"vector": [0, 0, 0],
							"easing": "easeInOutSine"
						},
						"8.125": {
							"vector": [2.5, 0, 0],
							"easing": "easeInOutSine"
						},
						"10.0": {
							"vector": [0, 0, 0],
							"easing": "easeInOutSine"
						}
					}
				}
			}
		},
		"walk": {
			"loop": true,
			"animation_length": 1,
			"bones": {
				"head": {
					"position": {
						"0.0": {
							"vector": [0, 0, 0]
						},
						"0.5": {
							"vector": [0, -0.5, 0],
							"easing": "easeOutBack"
						},
						"1.0": {
							"vector": [0, 0, 0],
							"easing": "easeOutBack"
						}
					}
				},
				"visor": {
					"rotation": {
						"0.0": {
							"vector": [0, 0, 0]
						},
						"0.25": {
							"vector": [-6, 0, 0],
							"easing": "easeOutBack"
						},
						"0.75": {
							"vector": [6, 0, 0],
							"easing": "easeInOutSine"
						},
						"1.0": {
							"vector": [0, 0, 0],
							"easing": "easeOutSine"
						}
					}
				},
				"body": {
					"position": {
						"0.0": {
							"vector": [0, 0, 0]
						},
						"0.25": {
							"vector": [0, 0.25, 0],
							"easing": "easeOutSine"
						},
						"0.75": {
							"vector": [0, -0.25, 0],
							"easing": "easeInOutSine"
						},
						"1.0": {
							"vector": [0, 0, 0],
							"easing": "easeInSine"
						}
					}
				},
				"leftarm": {
					"rotation": {
						"0.0": {
							"vector": [-7.5, 0, 0]
						},
						"0.5": {
							"vector": [7.5, 0, 0],
							"easing": "easeOutBack"
						},
						"1.0": {
							"vector": [-7.5, 0, 0],
							"easing": "easeOutBack"
						}
					},
					"position": {
						"vector": [1, 0, 0]
					}
				},
				"rightarm": {
					"rotation": {
						"0.0": {
							"vector": [7.5, 0, 0]
						},
						"0.5": {
							"vector": [-7.5, 0, 0],
							"easing": "easeOutBack"
						},
						"1.0": {
							"vector": [7.5, 0, 0],
							"easing": "easeOutBack"
						}
					},
					"position": {
						"vector": [-1, 0, 0]
					}
				},
				"leftleg": {
					"rotation": {
						"0.0": {
							"vector": [22.5, 0, 0]
						},
						"0.5": {
							"vector": [-22.5, 0, 0],
							"easing": "easeOutBack"
						},
						"1.0": {
							"vector": [22.5, 0, 0],
							"easing": "easeOutBack"
						}
					}
				},
				"rightleg": {
					"rotation": {
						"0.0": {
							"vector": [-22.5, 0, 0]
						},
						"0.5": {
							"vector": [22.5, 0, 0],
							"easing": "easeOutBack"
						},
						"1.0": {
							"vector": [-22.5, 0, 0],
							"easing": "easeOutBack"
						}
					}
				},
				"cape": {
					"rotation": {
						"0.0": {
							"vector": [0, 0, 0]
						},
						"0.5": {
							"vector": [25, 0, 0],
							"easing": "easeInOutSine"
						},
						"1.0": {
							"vector": [0, 0, 0],
							"easing": "easeInOutSine"
						}
					}
				}
			}
		},
		"attack": {
			"loop": true,
			"animation_length": 1.25,
			"bones": {
				"head": {
					"rotation": {
						"0.0": {
							"vector": [0, 0, 0]
						},
						"0.5833": {
							"vector": [0, -7.5, 0]
						},
						"0.75": {
							"vector": [0, -7.5, 0]
						},
						"1.25": {
							"vector": [0, 0, 0],
							"easing": "easeInOutSine"
						}
					},
					"position": {
						"0.0": {
							"vector": [0, 0, 0]
						},
						"1.25": {
							"vector": [0, 0, 0],
							"easing": "easeInOutSine"
						}
					}
				},
				"visor": {
					"rotation": {
						"0.0": {
							"vector": [0, 0, 0]
						},
						"0.9167": {
							"vector": [0, 0, 0],
							"easing": "easeInOutSine"
						},
						"1.0833": {
							"vector": [-45, 0, 0],
							"easing": "easeInOutSine"
						},
						"1.25": {
							"vector": [0, 0, 0],
							"easing": "easeInOutSine"
						}
					},
					"position": {
						"0.0": {
							"vector": [0, 0, 0]
						},
						"1.25": {
							"vector": [0, 0, 0],
							"easing": "easeInOutSine"
						}
					}
				},
				"leftarm": {
					"rotation": {
						"0.0": {
							"vector": [-7.5, 0, 0]
						},
						"0.1667": {
							"vector": [-61.7897, 57.51825, -14.21048],
							"easing": "easeInOutSine"
						},
						"0.3333": {
							"vector": [-61.7897, 57.51825, -14.21048],
							"easing": "easeInOutSine"
						},
						"0.5833": {
							"vector": [-24.68743, -5.04477, 6.92391],
							"easing": "easeInOutSine"
						},
						"0.75": {
							"vector": [-33.15801, -40.47647, 27.59114],
							"easing": "easeOutSine"
						},
						"1.0": {
							"vector": [11.99148, -56.49768, -92.96929],
							"easing": "easeInOutSine"
						},
						"1.25": {
							"vector": [-7.5, 0, 0],
							"easing": "easeInOutSine"
						}
					},
					"position": {
						"0.0": {
							"vector": [1, 0, 0]
						},
						"1.25": {
							"vector": [1, 0, 0],
							"easing": "easeInOutSine"
						}
					}
				},
				"rightarm": {
					"rotation": {
						"0.0": {
							"vector": [7.5, 0, 0]
						},
						"0.3333": {
							"vector": [-197.35856, 13.73749, -90.69498],
							"easing": "easeInOutSine"
						},
						"0.5833": {
							"vector": [-31.2095, -22.21362, -70.51868],
							"easing": "easeInOutSine"
						},
						"0.75": {
							"vector": [-31.2095, -22.21362, -70.51868],
							"easing": "easeOutSine"
						},
						"1.0": {
							"vector": [-211.2095, -22.21362, -70.51868],
							"easing": "easeInOutSine"
						},
						"1.25": {
							"vector": [7.5, 0, 0],
							"easing": "easeInOutSine"
						}
					},
					"position": {
						"0.0": {
							"vector": [-1, 0, 0]
						},
						"1.25": {
							"vector": [-1, 0, 0],
							"easing": "easeInOutSine"
						}
					}
				},
				"leftleg": {
					"rotation": {
						"0.0": {
							"vector": [0, 0, 0]
						},
						"0.3333": {
							"vector": [20.28996, -2.99938, -12.12269],
							"easing": "easeInOutSine"
						},
						"0.5833": {
							"vector": [-39.92751, -0.74984, -3.03067],
							"easing": "easeInOutSine"
						},
						"0.75": {
							"vector": [-54.92751, -0.74984, -3.03067],
							"easing": "easeOutSine"
						},
						"1.0": {
							"vector": [27.34004, -0.28842, -6.45494],
							"easing": "easeInOutSine"
						},
						"1.25": {
							"vector": [0, 0, 0],
							"easing": "easeInOutSine"
						}
					}
				},
				"rightleg": {
					"rotation": {
						"0.0": {
							"vector": [0, 0, 0]
						},
						"0.3333": {
							"vector": [-62.32648, 2.86313, 6.93488],
							"easing": "easeInOutSine"
						},
						"0.5833": {
							"vector": [51.91838, 0.71578, 1.73372],
							"easing": "easeInOutSine"
						},
						"0.75": {
							"vector": [61.91838, 0.71578, 1.73372],
							"easing": "easeOutSine"
						},
						"1.0": {
							"vector": [-35.58162, 0.71578, 1.73372],
							"easing": "easeInOutSine"
						},
						"1.25": {
							"vector": [0, 0, 0],
							"easing": "easeInOutSine"
						}
					}
				},
				"all": {
					"rotation": {
						"0.0": {
							"vector": [0, 0, 0]
						},
						"0.3333": {
							"vector": [-7.5, 17.5, 0],
							"easing": "easeInSine"
						},
						"0.5833": {
							"vector": [8.27254, 6.0461, 0],
							"easing": "easeInOutSine"
						},
						"0.75": {
							"vector": [8.27254, 6.0461, 0],
							"easing": "easeOutSine"
						},
						"1.0": {
							"vector": [8.27254, 6.0461, 0],
							"easing": "easeInOutSine"
						},
						"1.25": {
							"vector": [0, 0, 0],
							"easing": "easeInOutSine"
						}
					},
					"position": {
						"0.0": {
							"vector": [0, 0, 0]
						},
						"1.25": {
							"vector": [0, 0, 0],
							"easing": "easeInOutSine"
						}
					}
				},
				"shield": {
					"rotation": {
						"0.0": {
							"vector": [0, 0, 0]
						},
						"1.25": {
							"vector": [0, 0, 0],
							"easing": "easeInOutSine"
						}
					}
				},
				"sword": {
					"rotation": {
						"0.0": {
							"vector": [0, 0, 0]
						},
						"0.3333": {
							"vector": [0, 0, 0],
							"easing": "easeInOutSine"
						},
						"0.5833": {
							"vector": [75, 0, 0],
							"easing": "easeInOutSine"
						},
						"0.75": {
							"vector": [107.5, 0, 0],
							"easing": "easeOutSine"
						},
						"1.0": {
							"vector": [95, 0, 0],
							"easing": "easeInOutSine"
						},
						"1.25": {
							"vector": [0, 0, 0],
							"easing": "easeInOutSine"
						}
					}
				},
				"cape": {
					"rotation": {
						"0.0": {
							"vector": [0, 0, 0]
						},
						"0.25": {
							"vector": [37.5, 0, 0],
							"easing": "easeInOutSine"
						},
						"0.4167": {
							"vector": [37.5, 0, 0],
							"easing": "easeInOutSine"
						},
						"1.25": {
							"vector": [0, 0, 0],
							"easing": "easeInOutSine"
						}
					}
				},
				"torso": {
					"rotation": {
						"0.0": {
							"vector": [0, 0, 0]
						},
						"0.1667": {
							"vector": [0, 0, 0]
						},
						"0.3333": {
							"vector": [-12.5, 0, 0],
							"easing": "easeInOutSine"
						},
						"0.5833": {
							"vector": [19.15605, -16.58565, -5.66283],
							"easing": "easeInOutSine"
						},
						"0.75": {
							"vector": [26.55894, -30.57764, -11.56077],
							"easing": "easeOutSine"
						},
						"1.0": {
							"vector": [-34.53141, 25.59305, -20.44125],
							"easing": "easeInOutSine"
						},
						"1.25": {
							"vector": [0, 0, 0],
							"easing": "easeInOutSine"
						}
					},
					"position": {
						"0.0": {
							"vector": [0, 0, 0]
						},
						"1.25": {
							"vector": [0, 0, 0],
							"easing": "easeInOutSine"
						}
					}
				}
			}
		},
		"shielding": {
			"loop": true,
			"animation_length": 1.25,
			"bones": {
				"head": {
					"rotation": {
						"0.0": {
							"vector": [0, 0, 0]
						},
						"0.1667": {
							"vector": [5, -20, 0],
							"easing": "easeInOutSine"
						},
						"0.6667": {
							"vector": [5, -20, 0],
							"easing": "easeInOutSine"
						},
						"1.0833": {
							"vector": [-0.28386, -5.05323, 1.29761],
							"easing": "easeInOutSine"
						},
						"1.25": {
							"vector": [0, 0, 0],
							"easing": "easeInOutSine"
						}
					},
					"position": {
						"0.0": {
							"vector": [0, 0, 0]
						},
						"0.5": {
							"vector": [0, 1, 0],
							"easing": "easeInOutSine"
						},
						"1.25": {
							"vector": [0, 0, 0],
							"easing": "easeInOutSine"
						}
					}
				},
				"visor": {
					"position": {
						"0.0": {
							"vector": [0, 0, 0]
						},
						"0.5": {
							"vector": [0, 2, 0],
							"easing": "easeInOutSine"
						},
						"1.25": {
							"vector": [0, 0, 0],
							"easing": "easeInOutSine"
						}
					}
				},
				"leftarm": {
					"rotation": {
						"0.0": {
							"vector": [-7.5, 0, 0]
						},
						"0.1667": {
							"vector": [-56.7897, 57.51825, -14.21048],
							"easing": "easeInOutSine"
						},
						"0.6667": {
							"vector": [-61.7897, 57.51825, -14.21048],
							"easing": "easeInOutSine"
						},
						"0.8333": {
							"vector": [-61.7897, 57.51825, -14.21048],
							"easing": "easeInOutSine"
						},
						"1.25": {
							"vector": [-7.5, 0, 0],
							"easing": "easeInOutSine"
						}
					},
					"position": {
						"0.0": {
							"vector": [1, 0, 0]
						},
						"1.25": {
							"vector": [1, 0, 0],
							"easing": "easeInOutSine"
						}
					}
				},
				"rightarm": {
					"rotation": {
						"0.0": {
							"vector": [7.5, 0, 0]
						},
						"0.1667": {
							"vector": [7.42825, 6.13882, 10.88332],
							"easing": "easeInOutSine"
						},
						"0.5": {
							"vector": [0.66175, 5.12016, 18.34998],
							"easing": "easeInOutSine"
						},
						"0.8333": {
							"vector": [-164.23025, 15.54623, 8.57802],
							"easing": "easeInOutSine"
						},
						"1.0833": {
							"vector": [-19.35009, -14.09506, -37.31684],
							"easing": "easeInOutSine"
						},
						"1.25": {
							"vector": [7.5, 0, 0],
							"easing": "easeInOutSine"
						}
					},
					"position": {
						"0.0": {
							"vector": [-1, 0, 0]
						},
						"1.25": {
							"vector": [-1, 0, 0],
							"easing": "easeInOutSine"
						}
					}
				},
				"leftleg": {
					"rotation": {
						"0.0": {
							"vector": [0, 0, 0]
						},
						"0.1667": {
							"vector": [-12.31594, -2.15393, -9.76758],
							"easing": "easeInOutSine"
						},
						"0.6667": {
							"vector": [-19.71004, -2.99938, -12.12269],
							"easing": "easeInOutSine"
						},
						"0.8333": {
							"vector": [20.28996, -2.99938, -12.12269],
							"easing": "easeInOutSine"
						},
						"1.0833": {
							"vector": [-39.92751, -0.74984, -3.03067],
							"easing": "easeInOutSine"
						},
						"1.25": {
							"vector": [0, 0, 0],
							"easing": "easeInOutSine"
						}
					}
				},
				"rightleg": {
					"rotation": {
						"0.0": {
							"vector": [0, 0, 0]
						},
						"0.1667": {
							"vector": [-22.5, 0, 0],
							"easing": "easeInOutSine"
						},
						"0.6667": {
							"vector": [-29.82648, 2.86313, 6.93488],
							"easing": "easeInOutSine"
						},
						"0.8333": {
							"vector": [-62.32648, 2.86313, 6.93488],
							"easing": "easeInOutSine"
						},
						"1.0833": {
							"vector": [51.91838, 0.71578, 1.73372],
							"easing": "easeInOutSine"
						},
						"1.25": {
							"vector": [0, 0, 0],
							"easing": "easeInOutSine"
						}
					}
				},
				"all": {
					"rotation": {
						"0.0": {
							"vector": [0, 0, 0]
						},
						"0.1667": {
							"vector": [0, 17.5, 0],
							"easing": "easeInOutSine"
						},
						"0.8333": {
							"vector": [-7.5, 17.5, 0],
							"easing": "easeInSine"
						},
						"1.0833": {
							"vector": [8.27254, 6.0461, 0],
							"easing": "easeInOutSine"
						},
						"1.25": {
							"vector": [0, 0, 0],
							"easing": "easeInOutSine"
						}
					},
					"position": {
						"0.0": {
							"vector": [0, 0, 0]
						},
						"0.5": {
							"vector": [0, 1, 0],
							"easing": "easeInOutSine"
						},
						"1.25": {
							"vector": [0, 0, 0],
							"easing": "easeInOutSine"
						}
					}
				},
				"shield": {
					"rotation": {
						"0.0": {
							"vector": [0, 0, 0]
						},
						"0.1667": {
							"vector": [-32.10382, 5.35355, 8.45862],
							"easing": "easeInOutSine"
						},
						"0.6667": {
							"vector": [-39.60382, 5.35355, 8.45862],
							"easing": "easeInOutSine"
						},
						"0.8333": {
							"vector": [-39.60382, 5.35355, 8.45862],
							"easing": "easeInOutSine"
						},
						"1.25": {
							"vector": [0, 0, 0],
							"easing": "easeInOutSine"
						}
					}
				},
				"sword": {
					"rotation": {
						"0.0": {
							"vector": [0, 0, 0]
						},
						"0.8333": {
							"vector": [0, 0, 0],
							"easing": "easeInOutSine"
						},
						"1.0833": {
							"vector": [60, 0, 0],
							"easing": "easeInOutSine"
						},
						"1.25": {
							"vector": [0, 0, 0],
							"easing": "easeInOutSine"
						}
					}
				},
				"cape": {
					"rotation": {
						"0.0": {
							"vector": [0, 0, 0]
						},
						"0.5": {
							"vector": [-22.5, 0, 0],
							"easing": "easeInOutSine"
						},
						"0.75": {
							"vector": [37.5, 0, 0],
							"easing": "easeInOutSine"
						},
						"0.9167": {
							"vector": [37.5, 0, 0],
							"easing": "easeInOutSine"
						},
						"1.25": {
							"vector": [0, 0, 0],
							"easing": "easeInOutSine"
						}
					}
				},
				"torso": {
					"rotation": {
						"0.0": {
							"vector": [0, 0, 0]
						},
						"0.6667": {
							"vector": [0, 0, 0]
						},
						"0.8333": {
							"vector": [-12.5, 0, 0],
							"easing": "easeInOutSine"
						},
						"1.0833": {
							"vector": [19.15605, -16.58565, -5.66283],
							"easing": "easeInOutSine"
						},
						"1.25": {
							"vector": [0, 0, 0],
							"easing": "easeInOutSine"
						}
					},
					"position": {
						"0.0": {
							"vector": [0, 0, 0]
						},
						"0.5": {
							"vector": [0, 1, 0],
							"easing": "easeInOutSine"
						},
						"1.25": {
							"vector": [0, 0, 0],
							"easing": "easeInOutSine"
						}
					}
				}
			}
		},
		"roll": {
			"loop": true,
			"animation_length": 0.5,
			"bones": {
				"torso": {
					"rotation": {
						"0.0": {
							"vector": [0, 0, 0]
						},
						"0.125": {
							"vector": [67.5, 0, 0],
							"easing": "linear"
						},
						"0.375": {
							"vector": [67.5, 0, 0],
							"easing": "linear"
						},
						"0.5": {
							"vector": [0, 0, 0],
							"easing": "linear"
						}
					}
				},
				"head": {
					"rotation": {
						"0.0": {
							"vector": [0, 0, 0]
						},
						"0.125": {
							"vector": [90, 0, 0],
							"easing": "linear"
						},
						"0.375": {
							"vector": [90, 0, 0],
							"easing": "linear"
						},
						"0.5": {
							"vector": [0, 0, 0],
							"easing": "linear"
						}
					}
				},
				"visor": {
					"rotation": {
						"0.0": {
							"vector": [0, 0, 0]
						},
						"0.5": {
							"vector": [0, 0, 0],
							"easing": "linear"
						}
					}
				},
				"shield": {
					"rotation": {
						"0.0": {
							"vector": [0, 0, 0]
						},
						"0.5": {
							"vector": [0, 0, 0],
							"easing": "linear"
						}
					}
				},
				"sword": {
					"rotation": {
						"0.0": {
							"vector": [0, 0, 0]
						},
						"0.0833": {
							"vector": [-7.5, 0, 0],
							"easing": "linear"
						},
						"0.125": {
							"vector": [-67.5, 0, 0],
							"easing": "linear"
						},
						"0.375": {
							"vector": [-45, 0, 0],
							"easing": "linear"
						},
						"0.5": {
							"vector": [0, 0, 0],
							"easing": "linear"
						}
					}
				},
				"all": {
					"rotation": {
						"0.0": {
							"vector": [0, 0, 0]
						},
						"0.5": {
							"vector": [360, 0, 0],
							"easing": "linear"
						}
					},
					"position": {
						"0.0": {
							"vector": [0, 0, 0]
						},
						"0.0417": {
							"vector": [0, 5.5, 10.67],
							"easing": "linear"
						},
						"0.125": {
							"vector": [0, 16.5, 11],
							"easing": "linear"
						},
						"0.2083": {
							"vector": [0, 21.75, 0],
							"easing": "linear"
						},
						"0.25": {
							"vector": [0, 19, -3],
							"easing": "linear"
						},
						"0.375": {
							"vector": [0, 9.5, -8.5]
						},
						"0.5": {
							"vector": [0, 0, 0],
							"easing": "linear"
						}
					}
				},
				"cape": {
					"rotation": {
						"0.0": {
							"vector": [0, 0, 0]
						},
						"0.5": {
							"vector": [0, 0, 0],
							"easing": "linear"
						}
					}
				},
				"leftarm": {
					"rotation": {
						"0.0": {
							"vector": [0, 0, 0]
						},
						"0.0833": {
							"vector": [-123.75, 0, 0],
							"easing": "linear"
						},
						"0.125": {
							"vector": [-67.5, 0, 0],
							"easing": "linear"
						},
						"0.5": {
							"vector": [0, 0, 0],
							"easing": "linear"
						}
					}
				},
				"rightarm": {
					"rotation": {
						"0.0": {
							"vector": [0, 0, 0]
						},
						"0.0833": {
							"vector": [-101.25, 0, 0],
							"easing": "linear"
						},
						"0.125": {
							"vector": [-67.5, 0, 0],
							"easing": "linear"
						},
						"0.5": {
							"vector": [0, 0, 0],
							"easing": "linear"
						}
					}
				},
				"leftleg": {
					"rotation": {
						"0.0": {
							"vector": [0, 0, 0]
						},
						"0.0417": {
							"vector": [45, 0, 0],
							"easing": "linear"
						},
						"0.125": {
							"vector": [0, 0, 0],
							"easing": "linear"
						},
						"0.25": {
							"vector": [-45, 0, 0],
							"easing": "linear"
						},
						"0.5": {
							"vector": [0, 0, 0],
							"easing": "linear"
						}
					}
				},
				"rightleg": {
					"rotation": {
						"0.0": {
							"vector": [0, 0, 0]
						},
						"0.125": {
							"vector": [0, 0, 0],
							"easing": "linear"
						},
						"0.25": {
							"vector": [-22.5, 0, 0],
							"easing": "linear"
						},
						"0.5": {
							"vector": [0, 0, 0],
							"easing": "linear"
						}
					}
				},
				"broom": {
					"rotation": {
						"0.0": {
							"vector": [0, 0, 0]
						},
						"0.0417": {
							"vector": [-22.5, 0, 0],
							"easing": "linear"
						},
						"0.0833": {
							"vector": [-42.95, 0, 0],
							"easing": "linear"
						},
						"0.1667": {
							"vector": [0, 0, 0],
							"easing": "easeInSine"
						},
						"0.5": {
							"vector": [0, 0, 0],
							"easing": "linear"
						}
					},
					"scale": {
						"0.0": {
							"vector": [1, 1, 1]
						},
						"0.0417": {
							"vector": [1, 1, 2],
							"easing": "linear"
						},
						"0.1667": {
							"vector": [1, 1, 1],
							"easing": "easeInSine"
						},
						"0.5": {
							"vector": [1, 1, 1],
							"easing": "linear"
						}
					}
				}
			}
		},
		"oldidle": {
			"loop": true,
			"animation_length": 8,
			"bones": {
				"torso": {
					"position": {
						"0.0": {
							"vector": [0, 0, 0]
						},
						"4.0": {
							"vector": [0, 0.5, 0],
							"easing": "easeInOutSine"
						},
						"8.0": {
							"vector": [0, 0, 0],
							"easing": "easeInOutSine"
						}
					}
				},
				"head": {
					"rotation": {
						"0.0": {
							"vector": [2.5, 0, 0]
						},
						"5.0": {
							"vector": [0, 0, 0],
							"easing": "easeInOutSine"
						},
						"8.0": {
							"vector": [2.5, 0, 0],
							"easing": "easeInOutSine"
						}
					},
					"position": {
						"0.0": {
							"vector": [0, 0, 0]
						},
						"4.5": {
							"vector": [0, 2, 0]
						},
						"8.0": {
							"vector": [0, 0, 0],
							"easing": "easeInOutSine"
						}
					}
				},
				"visor": {
					"rotation": {
						"0.0": {
							"vector": [2.5, 0, 0]
						},
						"4.0": {
							"vector": [-2.5, 0, 0],
							"easing": "easeInOutSine"
						},
						"8.0": {
							"vector": [2.5, 0, 0],
							"easing": "easeInOutSine"
						}
					}
				},
				"body": {
					"position": {
						"0.0": {
							"vector": [0, 0, 0]
						},
						"4.0": {
							"vector": [0, 0.5, 0],
							"easing": "easeInOutSine"
						},
						"8.0": {
							"vector": [0, 0, 0],
							"easing": "easeInOutSine"
						}
					}
				},
				"leftarm": {
					"rotation": {
						"1.0": {
							"vector": [0, 0, 0]
						},
						"4.5": {
							"vector": [-4.99527, -0.21782, -2.4905],
							"easing": "easeInOutSine"
						},
						"7.0": {
							"vector": [0, 0, 0],
							"easing": "easeInOutSine"
						}
					},
					"position": {
						"1.0": {
							"vector": [0, 0, 0]
						},
						"4.5": {
							"vector": [1, 0.5, 0],
							"easing": "easeInOutSine"
						},
						"7.0": {
							"vector": [0, 0, 0],
							"easing": "easeInOutSine"
						}
					}
				},
				"rightarm": {
					"rotation": {
						"1.0": {
							"vector": [0, 0, 0]
						},
						"4.5": {
							"vector": [-2.5, 0, 5],
							"easing": "easeInOutSine"
						},
						"7.0": {
							"vector": [0, 0, 0],
							"easing": "easeInOutSine"
						}
					},
					"position": {
						"1.0": {
							"vector": [0, 0, 0]
						},
						"4.5": {
							"vector": [-1, 0.5, 0],
							"easing": "easeInOutSine"
						},
						"7.0": {
							"vector": [0, 0, 0],
							"easing": "easeInOutSine"
						}
					}
				},
				"cape": {
					"rotation": {
						"0.0": {
							"vector": [0, 0, 0]
						},
						"4.0": {
							"vector": [10, 0, 0],
							"easing": "easeInOutSine"
						},
						"8.0": {
							"vector": [0, 0, 0],
							"easing": "easeInOutSine"
						}
					}
				}
			}
		}
	},
	"geckolib_format_version": 2
}