{
	"format_version": "1.8.0",
	"animations": {
		"idle": {
			"loop": true,
			"animation_length": 8,
			"bones": {
				"all": {
					"rotation": {
						"vector": [0, 0, 0]
					},
					"scale": {
						"0.0": {
							"vector": [1, 1, 1]
						},
						"2.0": {
							"vector": [1, 0.99, 1],
							"easing": "easeInOutSine"
						},
						"4.0": {
							"vector": [1, 1, 1],
							"easing": "easeInOutSine"
						},
						"6.0": {
							"vector": [1, 0.99, 1],
							"easing": "easeInOutSine"
						},
						"8.0": {
							"vector": [1, 1, 1],
							"easing": "easeInOutSine"
						}
					}
				},
				"torso": {
					"rotation": {
						"0.0": {
							"vector": [32.5, 0, 0]
						},
						"4.0": {
							"vector": [25, 0, 0],
							"easing": "easeInOutSine"
						},
						"8.0": {
							"vector": [32.5, 0, 0],
							"easing": "easeInOutSine"
						}
					}
				},
				"head": {
					"rotation": {
						"0.0": {
							"vector": [-32.5, 0, 0]
						},
						"2.0": {
							"vector": [-30, 0, 0],
							"easing": "easeInSine"
						},
						"4.0": {
							"vector": [-25, 0, 0],
							"easing": "easeInOutSine"
						},
						"6.0": {
							"vector": [-27.5, 0, 0],
							"easing": "easeInOutSine"
						},
						"8.0": {
							"vector": [-32.5, 0, 0],
							"easing": "easeOutSine"
						}
					},
					"position": {
						"vector": [0, 1, -1]
					}
				},
				"nose": {
					"rotation": {
						"0.0": {
							"vector": [0, 0, 0]
						},
						"2.0": {
							"vector": [-5, 0, 0],
							"easing": "easeInOutSine"
						},
						"4.0": {
							"vector": [0, 0, 0],
							"easing": "easeInOutSine"
						},
						"6.0": {
							"vector": [-5, 0, 0],
							"easing": "easeInOutSine"
						},
						"8.0": {
							"vector": [0, 0, 0],
							"easing": "easeInOutSine"
						}
					}
				},
				"earleft": {
					"rotation": {
						"0.0": {
							"vector": [0, 0, 0]
						},
						"7.25": {
							"vector": [0, 0, 0],
							"easing": "easeInOutSine"
						},
						"7.3333": {
							"vector": [0, 0, 20],
							"easing": "easeInOutSine"
						},
						"7.4167": {
							"vector": [0, 0, 0],
							"easing": "easeInOutSine"
						},
						"8.0": {
							"vector": [0, 0, 0],
							"easing": "easeInOutSine"
						}
					}
				},
				"earright": {
					"rotation": {
						"0.0": {
							"vector": [0, 0, 0]
						},
						"7.4167": {
							"vector": [0, 0, 0],
							"easing": "easeInOutSine"
						},
						"7.5417": {
							"vector": [0, 0, -37.5],
							"easing": "easeInOutSine"
						},
						"7.6667": {
							"vector": [0, 0, 0],
							"easing": "easeInOutSine"
						},
						"8.0": {
							"vector": [0, 0, 0],
							"easing": "easeInOutSine"
						}
					}
				},
				"leftarm": {
					"rotation": {
						"0.0": {
							"vector": [-35, -20, 0]
						},
						"2.0": {
							"vector": [-30, -20, 0],
							"easing": "easeOutSine"
						},
						"4.0": {
							"vector": [-35, -20, 0],
							"easing": "easeInOutSine"
						},
						"6.0": {
							"vector": [-25, -20, 0],
							"easing": "easeInOutSine"
						},
						"7.0": {
							"vector": [-40, -20, 0],
							"easing": "easeInOutSine"
						},
						"8.0": {
							"vector": [-35, -20, 0],
							"easing": "easeInSine"
						}
					}
				},
				"rightarm": {
					"rotation": {
						"0.0": {
							"vector": [-35, 20, 0]
						},
						"2.0": {
							"vector": [-30, 20, 0],
							"easing": "easeOutSine"
						},
						"4.0": {
							"vector": [-35, 20, 0],
							"easing": "easeInOutSine"
						},
						"6.0": {
							"vector": [-25, 20, 0],
							"easing": "easeInOutSine"
						},
						"7.0": {
							"vector": [-40, 20, 0],
							"easing": "easeInOutSine"
						},
						"8.0": {
							"vector": [-35, 20, 0],
							"easing": "easeInSine"
						}
					}
				}
			}
		},
		"walk": {
			"loop": true,
			"animation_length": 1,
			"bones": {
				"all": {
					"rotation": {
						"0.0": {
							"vector": [0, 0, 0]
						},
						"0.25": {
							"vector": [0, 0, 2.5],
							"easing": "easeOutSine"
						},
						"0.75": {
							"vector": [0, 0, -2.5],
							"easing": "easeInOutSine"
						},
						"1.0": {
							"vector": [0, 0, 0],
							"easing": "easeInSine"
						}
					}
				},
				"torso": {
					"rotation": {
						"0.0": {
							"vector": [55, 0, 0]
						},
						"0.5": {
							"vector": [40, 0, 0],
							"easing": "easeInOutSine"
						},
						"1.0": {
							"vector": [55, 0, 0],
							"easing": "easeInOutSine"
						}
					}
				},
				"head": {
					"rotation": {
						"0.0": {
							"vector": [-55, 0, 0]
						},
						"0.5": {
							"vector": [-40, 0, 0],
							"easing": "easeInOutSine"
						},
						"1.0": {
							"vector": [-55, 0, 0],
							"easing": "easeInOutSine"
						}
					},
					"position": {
						"vector": [0, 1, -1]
					}
				},
				"earleft": {
					"rotation": {
						"0.0": {
							"vector": [0, 0, 0]
						},
						"0.5": {
							"vector": [0, 0, 15],
							"easing": "easeInOutSine"
						},
						"1.0": {
							"vector": [0, 0, 0],
							"easing": "easeInOutSine"
						}
					}
				},
				"leftarm": {
					"rotation": {
						"0.0": {
							"vector": [-125, -20, 0]
						},
						"1.0": {
							"vector": [-125, -20, 0],
							"easing": "easeInSine"
						}
					}
				},
				"rightarm": {
					"rotation": {
						"0.0": {
							"vector": [-125, 20, 0]
						},
						"1.0": {
							"vector": [-125, 20, 0],
							"easing": "easeInSine"
						}
					}
				},
				"leftleg": {
					"rotation": {
						"0.0": {
							"vector": [0, 0, 0]
						},
						"0.25": {
							"vector": [-45, 0, 0],
							"easing": "easeOutSine"
						},
						"0.75": {
							"vector": [22.5, 0, 0],
							"easing": "easeInOutSine"
						},
						"1.0": {
							"vector": [0, 0, 0],
							"easing": "easeInSine"
						}
					}
				},
				"rightleg": {
					"rotation": {
						"0.0": {
							"vector": [0, 0, 0]
						},
						"0.25": {
							"vector": [22.5, 0, 0],
							"easing": "easeOutSine"
						},
						"0.75": {
							"vector": [-45, 0, 0],
							"easing": "easeInOutSine"
						},
						"1.0": {
							"vector": [0, 0, 0],
							"easing": "easeInSine"
						}
					}
				},
				"nose": {
					"rotation": {
						"0.0": {
							"vector": [0, 0, 0]
						},
						"0.25": {
							"vector": [0, 0, -2.5],
							"easing": "easeOutSine"
						},
						"0.75": {
							"vector": [0, 0, 4.17],
							"easing": "easeInOutSine"
						},
						"1.0": {
							"vector": [0, 0, 0],
							"easing": "easeInSine"
						}
					}
				},
				"earright": {
					"rotation": {
						"0.0": {
							"vector": [0, 0, 0]
						},
						"0.5": {
							"vector": [0, 0, -15],
							"easing": "easeInOutSine"
						},
						"1.0": {
							"vector": [0, 0, 0],
							"easing": "easeInOutSine"
						}
					}
				}
			}
		},
		"sprint": {
			"loop": true,
			"animation_length": 2.5,
			"bones": {
				"all": {
					"rotation": {
						"0.0": {
							"vector": [0, 0, 0]
						},
						"0.2083": {
							"vector": [0, 0, -10],
							"easing": "easeOutSine"
						},
						"0.625": {
							"vector": [0, 0, 10],
							"easing": "easeInOutSine"
						},
						"0.8333": {
							"vector": [0, 0, 0],
							"easing": "easeInSine"
						},
						"1.0417": {
							"vector": [0, 0, -10],
							"easing": "easeOutSine"
						},
						"1.4583": {
							"vector": [0, 0, 10],
							"easing": "easeInOutSine"
						},
						"1.6667": {
							"vector": [0, 0, 0],
							"easing": "easeInSine"
						},
						"1.875": {
							"vector": [0, 0, -10],
							"easing": "easeOutSine"
						},
						"2.2917": {
							"vector": [0, 0, 10],
							"easing": "easeInOutSine"
						},
						"2.5": {
							"vector": [0, 0, 0],
							"easing": "easeInOutSine"
						}
					}
				},
				"torso": {
					"rotation": {
						"0.0": {
							"vector": [-12.5, 0, 0]
						},
						"0.4167": {
							"vector": [-20, 0, 0],
							"easing": "easeInOutSine"
						},
						"0.8333": {
							"vector": [-12.5, 0, 0],
							"easing": "easeInOutSine"
						},
						"1.25": {
							"vector": [-20, 0, 0],
							"easing": "easeInOutSine"
						},
						"1.6667": {
							"vector": [-12.5, 0, 0],
							"easing": "easeInOutSine"
						},
						"2.0833": {
							"vector": [-20, 0, 0],
							"easing": "easeInOutSine"
						},
						"2.5": {
							"vector": [55, 0, 0],
							"easing": "easeInOutSine"
						}
					}
				},
				"head": {
					"rotation": {
						"0.0": {
							"vector": [-10, 0, 0]
						},
						"0.4167": {
							"vector": [-40, 0, 0],
							"easing": "easeInOutSine"
						},
						"0.8333": {
							"vector": [-10, 0, 0],
							"easing": "easeInOutSine"
						},
						"1.25": {
							"vector": [-40, 0, 0],
							"easing": "easeInOutSine"
						},
						"1.6667": {
							"vector": [-10, 0, 0],
							"easing": "easeInOutSine"
						},
						"2.0833": {
							"vector": [-40, 0, 0],
							"easing": "easeInOutSine"
						},
						"2.5": {
							"vector": [-55, 0, 0],
							"easing": "easeInOutSine"
						}
					},
					"position": {
						"0.0": {
							"vector": [0, 1, -1]
						},
						"2.5": {
							"vector": [0, 1, -1],
							"easing": "easeInOutSine"
						}
					}
				},
				"nose": {
					"rotation": {
						"0.0": {
							"vector": [0, 0, 0]
						},
						"0.5": {
							"vector": [-22.5, 0, 0],
							"easing": "easeInOutSine"
						},
						"1.0": {
							"vector": [0, 0, 0],
							"easing": "easeInOutSine"
						},
						"1.5": {
							"vector": [-22.5, 0, 0],
							"easing": "easeInOutSine"
						},
						"1.75": {
							"vector": [0, 0, 0],
							"easing": "easeInOutSine"
						},
						"2.0": {
							"vector": [-22.5, 0, 0],
							"easing": "easeInOutSine"
						},
						"2.3333": {
							"vector": [-30, 0, 0],
							"easing": "easeInOutSine"
						},
						"2.5": {
							"vector": [0, 0, 0],
							"easing": "easeInOutSine"
						}
					}
				},
				"earleft": {
					"rotation": {
						"0.0": {
							"vector": [0, 0, 0]
						},
						"2.5": {
							"vector": [0, 0, 0],
							"easing": "easeInOutSine"
						}
					}
				},
				"earright": {
					"rotation": {
						"0.0": {
							"vector": [0, 0, 0]
						},
						"2.5": {
							"vector": [0, 0, 0],
							"easing": "easeInOutSine"
						}
					}
				},
				"leftarm": {
					"rotation": {
						"0.0": {
							"vector": [-35, -20, 0]
						},
						"0.2083": {
							"vector": [28.27209, -25.10983, -26.93952],
							"easing": "easeOutSine"
						},
						"0.625": {
							"vector": [-101.92722, -10.22511, -2.18871],
							"easing": "easeInOutSine"
						},
						"0.8333": {
							"vector": [-35, -20, 0],
							"easing": "easeInSine"
						},
						"1.0417": {
							"vector": [28.27209, -25.10983, -26.93952],
							"easing": "easeOutSine"
						},
						"1.4583": {
							"vector": [-101.92722, -10.22511, -2.18871],
							"easing": "easeInOutSine"
						},
						"1.6667": {
							"vector": [-35, -20, 0],
							"easing": "easeInSine"
						},
						"1.875": {
							"vector": [28.27209, -25.10983, -26.93952],
							"easing": "easeOutSine"
						},
						"2.2917": {
							"vector": [-101.92722, -10.22511, -2.18871],
							"easing": "easeInOutSine"
						},
						"2.5": {
							"vector": [-35, -20, 0],
							"easing": "easeInSine"
						}
					}
				},
				"rightarm": {
					"rotation": {
						"0.0": {
							"vector": [-35, 20, 0]
						},
						"0.2083": {
							"vector": [-100, 20, 0],
							"easing": "easeOutSine"
						},
						"0.625": {
							"vector": [57.37698, 1.22705, 12.68252],
							"easing": "easeInOutSine"
						},
						"0.8333": {
							"vector": [-35, 20, 0],
							"easing": "easeInSine"
						},
						"1.0417": {
							"vector": [-100, 20, 0],
							"easing": "easeOutSine"
						},
						"1.4583": {
							"vector": [57.37698, 1.22705, 12.68252],
							"easing": "easeInOutSine"
						},
						"1.6667": {
							"vector": [-35, 20, 0],
							"easing": "easeInSine"
						},
						"1.875": {
							"vector": [-100, 20, 0],
							"easing": "easeOutSine"
						},
						"2.2917": {
							"vector": [57.37698, 1.22705, 12.68252],
							"easing": "easeInOutSine"
						},
						"2.5": {
							"vector": [-35, 20, 0],
							"easing": "easeInSine"
						}
					}
				},
				"leftleg": {
					"rotation": {
						"0.0": {
							"vector": [0, 0, 0]
						},
						"0.2083": {
							"vector": [-67.5, 0, 0],
							"easing": "easeOutSine"
						},
						"0.625": {
							"vector": [67.5, 0, 0],
							"easing": "easeInOutSine"
						},
						"0.8333": {
							"vector": [0, 0, 0],
							"easing": "easeInSine"
						},
						"1.0417": {
							"vector": [-67.5, 0, 0],
							"easing": "easeOutSine"
						},
						"1.4583": {
							"vector": [67.5, 0, 0],
							"easing": "easeInOutSine"
						},
						"1.6667": {
							"vector": [0, 0, 0],
							"easing": "easeInSine"
						},
						"1.875": {
							"vector": [-67.5, 0, 0],
							"easing": "easeOutSine"
						},
						"2.2917": {
							"vector": [67.5, 0, 0],
							"easing": "easeInOutSine"
						},
						"2.5": {
							"vector": [0, 0, 0],
							"easing": "easeInOutSine"
						}
					}
				},
				"rightleg": {
					"rotation": {
						"0.0": {
							"vector": [0, 0, 0]
						},
						"0.2083": {
							"vector": [67.5, 0, 0],
							"easing": "easeOutSine"
						},
						"0.625": {
							"vector": [-67.5, 0, 0],
							"easing": "easeInOutSine"
						},
						"0.8333": {
							"vector": [0, 0, 0],
							"easing": "easeInSine"
						},
						"1.0417": {
							"vector": [67.5, 0, 0],
							"easing": "easeOutSine"
						},
						"1.4583": {
							"vector": [-67.5, 0, 0],
							"easing": "easeInOutSine"
						},
						"1.6667": {
							"vector": [0, 0, 0],
							"easing": "easeInSine"
						},
						"1.875": {
							"vector": [67.5, 0, 0],
							"easing": "easeOutSine"
						},
						"2.2917": {
							"vector": [-67.5, 0, 0],
							"easing": "easeInOutSine"
						},
						"2.5": {
							"vector": [0, 0, 0],
							"easing": "easeInOutSine"
						}
					}
				}
			}
		},
		"idle_old": {
			"loop": true,
			"animation_length": 8,
			"bones": {
				"all": {
					"scale": {
						"0.0": {
							"vector": [1, 1, 1]
						},
						"2.0": {
							"vector": [1, 0.99, 1],
							"easing": "easeInOutSine"
						},
						"4.0": {
							"vector": [1, 1, 1],
							"easing": "easeInOutSine"
						},
						"6.0": {
							"vector": [1, 0.99, 1],
							"easing": "easeInOutSine"
						},
						"8.0": {
							"vector": [1, 1, 1],
							"easing": "easeInOutSine"
						}
					}
				},
				"torso": {
					"rotation": {
						"0.0": {
							"vector": [0, 0, 0]
						},
						"4.0": {
							"vector": [0, 0, 0],
							"easing": "easeInOutSine"
						},
						"8.0": {
							"vector": [0, 0, 0],
							"easing": "easeInOutSine"
						}
					}
				},
				"head": {
					"rotation": {
						"0.0": {
							"vector": [0, 0, 0]
						},
						"2.0": {
							"vector": [2.5, 0, 0],
							"easing": "easeInOutSine"
						},
						"4.0": {
							"vector": [-1, 0, 0],
							"easing": "easeInOutSine"
						},
						"6.0": {
							"vector": [2.5, 0, 0],
							"easing": "easeInOutSine"
						},
						"8.0": {
							"vector": [0, 0, 0],
							"easing": "easeInOutSine"
						}
					}
				},
				"nose": {
					"rotation": {
						"0.0": {
							"vector": [0, 0, 0]
						},
						"2.0": {
							"vector": [-5, 0, 0],
							"easing": "easeInOutSine"
						},
						"4.0": {
							"vector": [0, 0, 0],
							"easing": "easeInOutSine"
						},
						"6.0": {
							"vector": [-5, 0, 0],
							"easing": "easeInOutSine"
						},
						"8.0": {
							"vector": [0, 0, 0],
							"easing": "easeInOutSine"
						}
					}
				},
				"earleft": {
					"rotation": {
						"0.0": {
							"vector": [0, 0, 0]
						},
						"7.25": {
							"vector": [0, 0, 0],
							"easing": "easeInOutSine"
						},
						"7.3333": {
							"vector": [0, 0, 20],
							"easing": "easeInOutSine"
						},
						"7.4167": {
							"vector": [0, 0, 0],
							"easing": "easeInOutSine"
						},
						"8.0": {
							"vector": [0, 0, 0],
							"easing": "easeInOutSine"
						}
					}
				},
				"earright": {
					"rotation": {
						"0.0": {
							"vector": [0, 0, 0]
						},
						"7.4167": {
							"vector": [0, 0, 0],
							"easing": "easeInOutSine"
						},
						"7.5417": {
							"vector": [0, 0, -37.5],
							"easing": "easeInOutSine"
						},
						"7.6667": {
							"vector": [0, 0, 0],
							"easing": "easeInOutSine"
						},
						"8.0": {
							"vector": [0, 0, 0],
							"easing": "easeInOutSine"
						}
					}
				},
				"leftarm": {
					"rotation": {
						"0.0": {
							"vector": [0, 0, 0]
						},
						"2.0": {
							"vector": [0, 0, -2.5],
							"easing": "easeInOutSine"
						},
						"4.0": {
							"vector": [0, 0, 0],
							"easing": "easeInOutSine"
						},
						"6.0": {
							"vector": [0, 0, -2.5],
							"easing": "easeInOutSine"
						},
						"8.0": {
							"vector": [0, 0, 0],
							"easing": "easeInOutSine"
						}
					}
				},
				"rightarm": {
					"rotation": {
						"0.0": {
							"vector": [0, 0, 0]
						},
						"2.0": {
							"vector": [0, 0, 2.5],
							"easing": "easeInOutSine"
						},
						"4.0": {
							"vector": [0, 0, 0],
							"easing": "easeInOutSine"
						},
						"6.0": {
							"vector": [0, 0, 2.5],
							"easing": "easeInOutSine"
						},
						"8.0": {
							"vector": [0, 0, 0],
							"easing": "easeInOutSine"
						}
					}
				}
			}
		},
		"slow_walk": {
			"loop": true,
			"animation_length": 1,
			"bones": {
				"all": {
					"rotation": {
						"0.0": {
							"vector": [0, 0, 0]
						},
						"0.25": {
							"vector": [0, 0, -1],
							"easing": "easeOutSine"
						},
						"0.75": {
							"vector": [0, 0, 1],
							"easing": "easeInOutSine"
						},
						"1.0": {
							"vector": [0, 0, 0],
							"easing": "easeInSine"
						}
					},
					"scale": {
						"0.0": {
							"vector": [1, 1, 1]
						},
						"0.3333": {
							"vector": [1, 0.99, 1],
							"easing": "easeInOutSine"
						},
						"0.5833": {
							"vector": [1, 1, 1],
							"easing": "easeInOutSine"
						},
						"0.8333": {
							"vector": [1, 0.99, 1],
							"easing": "easeInOutSine"
						},
						"1.0": {
							"vector": [1, 1, 1],
							"easing": "easeInOutSine"
						}
					}
				},
				"head": {
					"position": {
						"0.0": {
							"vector": [0, 0, 0]
						},
						"1.0": {
							"vector": [0, 0, 0]
						}
					}
				},
				"nose": {
					"rotation": {
						"0.0": {
							"vector": [0, 0, 0]
						},
						"0.3333": {
							"vector": [0, 0, 2.5],
							"easing": "easeOutSine"
						},
						"0.8333": {
							"vector": [0, 0, -2.5],
							"easing": "easeInOutSine"
						},
						"1.0": {
							"vector": [0, 0, 0],
							"easing": "easeInSine"
						}
					}
				},
				"leftarm": {
					"rotation": {
						"0.0": {
							"vector": [0, 0, 0]
						},
						"0.25": {
							"vector": [22.5, 0, 0],
							"easing": "easeOutSine"
						},
						"0.75": {
							"vector": [-22.5, 0, 0],
							"easing": "easeInOutSine"
						},
						"1.0": {
							"vector": [0, 0, 0],
							"easing": "easeInSine"
						}
					}
				},
				"rightarm": {
					"rotation": {
						"0.0": {
							"vector": [0, 0, 0]
						},
						"0.25": {
							"vector": [-22.5, 0, 0],
							"easing": "easeOutSine"
						},
						"0.75": {
							"vector": [22.5, 0, 0],
							"easing": "easeInOutSine"
						},
						"1.0": {
							"vector": [0, 0, 0],
							"easing": "easeInSine"
						}
					}
				},
				"leftleg": {
					"rotation": {
						"0.0": {
							"vector": [0, 0, 0]
						},
						"0.25": {
							"vector": [-22.5, 0, 0],
							"easing": "easeOutSine"
						},
						"0.75": {
							"vector": [22.5, 0, 0],
							"easing": "easeInOutSine"
						},
						"1.0": {
							"vector": [0, 0, 0],
							"easing": "easeInSine"
						}
					}
				},
				"rightleg": {
					"rotation": {
						"0.0": {
							"vector": [0, 0, 0]
						},
						"0.25": {
							"vector": [22.5, 0, 0]
						},
						"0.75": {
							"vector": [-22.5, 0, 0]
						},
						"1.0": {
							"vector": [0, 0, 0]
						}
					}
				}
			}
		}
	},
	"geckolib_format_version": 2
}