{
	"format_version": "1.8.0",
	"animations": {
		"walk2": {
			"loop": true,
			"animation_length": 2,
			"bones": {
				"body": {
					"rotation": {
						"0.0": {
							"vector": [-15, 0, 0],
							"easing": "easeInSine"
						},
						"0.5": {
							"vector": [0, 0, 0],
							"easing": "easeInOutSine"
						},
						"1.0": {
							"vector": [-15, 0, 0],
							"easing": "easeInOutSine"
						},
						"1.5": {
							"vector": [0, 0, 5],
							"easing": "easeInOutSine"
						},
						"2.0": {
							"vector": [-15, 0, 0],
							"easing": "easeInOutSine"
						}
					},
					"position": {
						"0.0": {
							"vector": [0, 0, 0]
						},
						"2.0": {
							"vector": [0, 0, 0],
							"easing": "easeInSine"
						}
					}
				},
				"all": {
					"rotation": {
						"0.0": {
							"vector": [0, 0, 0]
						},
						"0.5": {
							"vector": [0, 0, -5],
							"easing": "easeOutSine"
						},
						"1.5": {
							"vector": [0, 0, 5],
							"easing": "easeInOutSine"
						},
						"2.0": {
							"vector": [0, 0, 0],
							"easing": "easeInSine"
						}
					}
				},
				"leftarm": {
					"rotation": {
						"0.0": {
							"vector": [0, 0, 0]
						},
						"0.25": {
							"vector": [-40.18, 0, 0]
						},
						"0.5": {
							"vector": [-25, 0, 0],
							"easing": "easeOutSine"
						},
						"1.5": {
							"vector": [60, 0, 0],
							"easing": "easeInOutSine"
						},
						"2.0": {
							"vector": [0, 0, 0],
							"easing": "easeInSine"
						}
					}
				},
				"rightarm": {
					"rotation": {
						"0.0": {
							"vector": [0, 0, 0]
						},
						"0.5": {
							"vector": [60, 0, 0],
							"easing": "easeInSine"
						},
						"1.25": {
							"vector": [-35.05, 0, 0],
							"easing": "easeInOutSine"
						},
						"1.5": {
							"vector": [-25, 0, 0],
							"easing": "linear"
						},
						"2.0": {
							"vector": [0, 0, 0],
							"easing": "easeInOutQuad"
						}
					}
				}
			}
		},
		"idle": {
			"loop": true,
			"animation_length": 6,
			"bones": {
				"head": {
					"rotation": {
						"0.0": {
							"vector": [0, 0, 0]
						},
						"3.0": {
							"vector": [2, 0, 0],
							"easing": "easeInOutSine"
						},
						"6.0": {
							"vector": [0, 0, 0],
							"easing": "easeInOutSine"
						}
					}
				},
				"rightarm": {
					"rotation": {
						"0.0": {
							"vector": [0, 0, 0]
						},
						"6.0": {
							"vector": [0, 0, 0],
							"easing": "easeInSine"
						}
					}
				},
				"leftarm": {
					"rotation": {
						"0.0": {
							"vector": [0, 0, 0]
						},
						"6.0": {
							"vector": [0, 0, 0],
							"easing": "easeInSine"
						}
					}
				},
				"body": {
					"rotation": {
						"0.0": {
							"vector": [0, 0, 0]
						},
						"3.0": {
							"vector": [1, 0, 0],
							"easing": "easeInOutSine"
						},
						"6.0": {
							"vector": [0, 0, 0],
							"easing": "easeInOutSine"
						}
					}
				},
				"botharms": {
					"position": {
						"0.0": {
							"vector": [0, 0, 0]
						},
						"3.0": {
							"vector": [0, 0, 0.25],
							"easing": "easeInOutSine"
						},
						"6.0": {
							"vector": [0, 0, 0],
							"easing": "easeInOutSine"
						}
					}
				},
				"all": {
					"position": {
						"vector": [0, 1, 0]
					}
				}
			}
		},
		"walk": {
			"loop": true,
			"animation_length": 1,
			"bones": {
				"body": {
					"rotation": {
						"0.0": {
							"vector": [-15, 0, 0],
							"easing": "easeInSine"
						},
						"0.25": {
							"vector": [0, 0, 0],
							"easing": "easeInOutSine"
						},
						"0.5": {
							"vector": [-15, 0, 0],
							"easing": "easeInOutSine"
						},
						"0.75": {
							"vector": [0, 0, 5],
							"easing": "easeInOutSine"
						},
						"1.0": {
							"vector": [-15, 0, 0],
							"easing": "easeInOutSine"
						}
					},
					"position": {
						"0.0": {
							"vector": [0, 0, 0]
						},
						"1.0": {
							"vector": [0, 0, 0],
							"easing": "easeInSine"
						}
					}
				},
				"all": {
					"rotation": {
						"0.0": {
							"vector": [0, 0, 0]
						},
						"0.25": {
							"vector": [0, 0, -5],
							"easing": "easeOutSine"
						},
						"0.75": {
							"vector": [0, 0, 5],
							"easing": "easeInOutSine"
						},
						"1.0": {
							"vector": [0, 0, 0],
							"easing": "easeInSine"
						}
					}
				},
				"leftarm": {
					"rotation": {
						"0.0": {
							"vector": [0, 0, 0]
						},
						"0.125": {
							"vector": [-40.18, 0, 0]
						},
						"0.25": {
							"vector": [-25, 0, 0],
							"easing": "easeOutSine"
						},
						"0.75": {
							"vector": [60, 0, 0],
							"easing": "easeInOutSine"
						},
						"1.0": {
							"vector": [0, 0, 0],
							"easing": "easeInSine"
						}
					}
				},
				"rightarm": {
					"rotation": {
						"0.0": {
							"vector": [0, 0, 0]
						},
						"0.25": {
							"vector": [60, 0, 0],
							"easing": "easeInSine"
						},
						"0.625": {
							"vector": [-35.05, 0, 0],
							"easing": "easeInOutSine"
						},
						"0.75": {
							"vector": [-25, 0, 0],
							"easing": "linear"
						},
						"1.0": {
							"vector": [0, 0, 0],
							"easing": "easeInOutQuad"
						}
					}
				}
			}
		},
		"attack": {
			"loop": true,
			"animation_length": 0.66667,
			"bones": {
				"body": {
					"rotation": {
						"0.0": {
							"vector": [0, 0, 0]
						},
						"0.0833": {
							"vector": [-10, 0, 0],
							"easing": "easeInBack"
						},
						"0.3333": {
							"vector": [42.5, 0, 0],
							"easing": "easeInBack"
						},
						"0.375": {
							"vector": [46, 0, 0]
						},
						"0.6667": {
							"vector": [0, 0, 0],
							"easing": "easeInBack"
						}
					},
					"position": {
						"0.0": {
							"vector": [0, 0, 0]
						},
						"0.1667": {
							"vector": [0, 0, 0.45],
							"easing": "easeInOutSine"
						},
						"0.25": {
							"vector": [0, 0, 0],
							"easing": "easeInOutSine"
						},
						"0.375": {
							"vector": [0, 0, -1.8],
							"easing": "easeInOutSine"
						},
						"0.5417": {
							"vector": [0, 0, -1.95],
							"easing": "step"
						},
						"0.6667": {
							"vector": [0, 0, 0],
							"easing": "easeInOutSine"
						}
					}
				},
				"botharms": {
					"rotation": {
						"0.0": {
							"vector": [0, 0, 0]
						},
						"0.125": {
							"vector": [-22.5, 0, 0],
							"easing": "easeInSine"
						},
						"0.4167": {
							"vector": [90, 0, 0],
							"easing": "easeInQuart"
						},
						"0.6667": {
							"vector": [0, 0, 0],
							"easing": "easeInCubic"
						}
					},
					"position": {
						"vector": [0, -1, 0]
					}
				},
				"all": {
					"rotation": {
						"0.0": {
							"vector": [0, 0, 0]
						},
						"0.1667": {
							"vector": [-7.5, 0, 0],
							"easing": "easeOutExpo"
						},
						"0.5": {
							"vector": [5, 0, 0],
							"easing": "easeInOutSine"
						},
						"0.6667": {
							"vector": [0, 0, 0],
							"easing": "easeInOutSine"
						}
					},
					"position": {
						"vector": [0, 1, 0]
					}
				},
				"head": {
					"rotation": {
						"0.0": {
							"vector": [0, 0, 0]
						},
						"0.25": {
							"vector": [-45, 0, 0],
							"easing": "easeInOutSine"
						},
						"0.5": {
							"vector": [94.5, 0, 0],
							"easing": "easeInOutSine"
						},
						"0.6667": {
							"vector": [0, 0, 0],
							"easing": "easeInOutSine"
						}
					}
				}
			}
		}
	},
	"geckolib_format_version": 2
}