{
	"format_version": "1.8.0",
	"animations": {
		"walk": {
			"loop": true,
			"animation_length": 1,
			"bones": {
				"head": {
					"rotation": {
						"0.0": {
							"vector": [1.87, 0, 0],
							"easing": "easeInSine"
						},
						"0.0833": {
							"vector": [0, 0, 0],
							"easing": "easeOutSine"
						},
						"0.3333": {
							"vector": [2.5, 0, 0],
							"easing": "easeInOutSine"
						},
						"0.5833": {
							"vector": [0, 0, 0],
							"easing": "easeInOutSine"
						},
						"0.8333": {
							"vector": [2.5, 0, 0],
							"easing": "easeInOutSine"
						},
						"1.0": {
							"vector": [1.87, 0, 0],
							"easing": "easeInSine"
						}
					},
					"position": {
						"0.0": {
							"vector": [0, 0, 0]
						},
						"0.25": {
							"vector": [0, -0.5, 0],
							"easing": "easeInOutSine"
						},
						"0.5": {
							"vector": [0, 0, 0],
							"easing": "easeInOutSine"
						},
						"0.75": {
							"vector": [0, -0.5, 0],
							"easing": "easeInOutSine"
						},
						"1.0": {
							"vector": [0, 0, 0],
							"easing": "easeInOutSine"
						}
					}
				},
				"torso": {
					"position": {
						"0.0": {
							"vector": [0, 0, 0]
						},
						"0.25": {
							"vector": [0, -0.5, 0],
							"easing": "easeInOutSine"
						},
						"0.5": {
							"vector": [0, 0, 0],
							"easing": "easeInOutSine"
						},
						"0.75": {
							"vector": [0, -0.5, 0],
							"easing": "easeInOutSine"
						},
						"1.0": {
							"vector": [0, 0, 0],
							"easing": "easeInOutSine"
						}
					}
				},
				"stringertorso_r1": {
					"rotation": {
						"0.0": {
							"vector": [1.87, 0, 0],
							"easing": "easeInSine"
						},
						"0.0833": {
							"vector": [0, 0, 0],
							"easing": "easeOutSine"
						},
						"0.3333": {
							"vector": [7.5, 0, 0],
							"easing": "easeInOutSine"
						},
						"0.5833": {
							"vector": [0, 0, 0],
							"easing": "easeInOutSine"
						},
						"0.8333": {
							"vector": [7.5, 0, 0],
							"easing": "easeInOutSine"
						},
						"1.0": {
							"vector": [1.87, 0, 0],
							"easing": "easeInSine"
						}
					}
				},
				"r1": {
					"rotation": {
						"0.0": {
							"vector": [0, "Math.cos((query.anim_time ) * 360 * 3) * -10", 0]
						},
						"0.1667": {
							"vector": [0, "Math.cos((query.anim_time ) * 360 * 3) * -10", 0]
						},
						"0.25": {
							"vector": [0, 0, 27.5]
						},
						"0.3333": {
							"vector": [0, "Math.cos((query.anim_time ) * 360 * 3) * -10", 0]
						},
						"0.5": {
							"vector": [0, "Math.cos((query.anim_time ) * 360 * 3) * -10", 0]
						},
						"0.5833": {
							"vector": [0, 0, 27.5]
						},
						"0.6667": {
							"vector": [0, "Math.cos((query.anim_time ) * 360 * 3) * -10", 0]
						},
						"0.8333": {
							"vector": [0, "Math.cos((query.anim_time ) * 360 * 3) * -10", 0]
						},
						"0.9167": {
							"vector": [0, 0, 27.5]
						},
						"1.0": {
							"vector": [0, "Math.cos((query.anim_time ) * 360 * 3) * -10", 0]
						}
					}
				},
				"l1": {
					"rotation": {
						"0.0": {
							"vector": [0, "Math.cos((query.anim_time ) * 360 * 3) * 10", 0]
						},
						"0.1667": {
							"vector": [0, "Math.cos((query.anim_time ) * 360 * 3) * 10", 0]
						},
						"0.25": {
							"vector": [0, 0, -27.5]
						},
						"0.3333": {
							"vector": [0, "Math.cos((query.anim_time ) * 360 * 3) * 10", 0]
						},
						"0.5": {
							"vector": [0, "Math.cos((query.anim_time ) * 360 * 3) * 10", 0]
						},
						"0.5833": {
							"vector": [0, 0, -27.5]
						},
						"0.6667": {
							"vector": [0, "Math.cos((query.anim_time ) * 360 * 3) * 10", 0]
						},
						"0.8333": {
							"vector": [0, "Math.cos((query.anim_time ) * 360 * 3) * 10", 0]
						},
						"0.9167": {
							"vector": [0, 0, -27.5]
						},
						"1.0": {
							"vector": [0, "Math.cos((query.anim_time ) * 360 * 3) * 10", 0]
						}
					}
				},
				"r2": {
					"rotation": {
						"0.0": {
							"vector": [0, "Math.cos((query.anim_time ) * 360 * 3) * 10", 0]
						},
						"0.0833": {
							"vector": [5.85463, "-1.1655+Math.cos((query.anim_time ) * 360 * 3) * 10", 23.21088]
						},
						"0.1667": {
							"vector": [0, "Math.cos((query.anim_time ) * 360 * 3) * 10", 0]
						},
						"0.3333": {
							"vector": [0, "Math.cos((query.anim_time ) * 360 * 3) * 10", 0]
						},
						"0.4167": {
							"vector": [5.85463, "-1.1655+Math.cos((query.anim_time ) * 360 * 3) * 10", 23.21088]
						},
						"0.5": {
							"vector": [0, "Math.cos((query.anim_time ) * 360 * 3) * 10", 0]
						},
						"0.6667": {
							"vector": [0, "Math.cos((query.anim_time ) * 360 * 3) * 10", 0]
						},
						"0.75": {
							"vector": [5.85463, "-1.1655+Math.cos((query.anim_time ) * 360 * 3) * 10", 23.21088]
						},
						"0.8333": {
							"vector": [0, "Math.cos((query.anim_time ) * 360 * 3) * 10", 0]
						}
					}
				},
				"l2": {
					"rotation": {
						"0.0": {
							"vector": [0, "Math.cos((query.anim_time ) * 360 * 3) * -10", 0]
						},
						"0.0833": {
							"vector": [0, 0, -27.5]
						},
						"0.1667": {
							"vector": [0, "Math.cos((query.anim_time ) * 360 * 3) * -10", 0]
						},
						"0.3333": {
							"vector": [0, "Math.cos((query.anim_time ) * 360 * 3) * -10", 0]
						},
						"0.4167": {
							"vector": [0, 0, -27.5]
						},
						"0.5": {
							"vector": [0, "Math.cos((query.anim_time ) * 360 * 3) * -10", 0]
						},
						"0.6667": {
							"vector": [0, "Math.cos((query.anim_time ) * 360 * 3) * -10", 0]
						},
						"0.75": {
							"vector": [0, 0, -27.5]
						},
						"0.8333": {
							"vector": [0, "Math.cos((query.anim_time ) * 360 * 3) * -10", 0]
						}
					}
				},
				"r3": {
					"rotation": {
						"0.0": {
							"vector": [0, "Math.cos((query.anim_time ) * 360 * 3) * -10", 0]
						},
						"0.1667": {
							"vector": [0, "Math.cos((query.anim_time ) * 360 * 3) * -10", 0]
						},
						"0.25": {
							"vector": [0, 0, 27.5]
						},
						"0.3333": {
							"vector": [0, "Math.cos((query.anim_time ) * 360 * 3) * -10", 0]
						},
						"0.5": {
							"vector": [0, "Math.cos((query.anim_time ) * 360 * 3) * -10", 0]
						},
						"0.5833": {
							"vector": [0, 0, 27.5]
						},
						"0.6667": {
							"vector": [0, "Math.cos((query.anim_time ) * 360 * 3) * -10", 0]
						},
						"0.8333": {
							"vector": [0, "Math.cos((query.anim_time ) * 360 * 3) * -10", 0]
						},
						"0.9167": {
							"vector": [0, 0, 27.5]
						},
						"1.0": {
							"vector": [0, "Math.cos((query.anim_time ) * 360 * 3) * -10", 0]
						}
					}
				},
				"l3": {
					"rotation": {
						"0.0": {
							"vector": [0, "Math.cos((query.anim_time ) * 360 * 3) * 10", 0]
						},
						"0.1667": {
							"vector": [0, "Math.cos((query.anim_time ) * 360 * 3) * 10", 0]
						},
						"0.25": {
							"vector": [0, 0, -27.5]
						},
						"0.3333": {
							"vector": [0, "Math.cos((query.anim_time ) * 360 * 3) * 10", 0]
						},
						"0.5": {
							"vector": [0, "Math.cos((query.anim_time ) * 360 * 3) * 10", 0]
						},
						"0.5833": {
							"vector": [0, 0, -27.5]
						},
						"0.6667": {
							"vector": [0, "Math.cos((query.anim_time ) * 360 * 3) * 10", 0]
						},
						"0.8333": {
							"vector": [0, "Math.cos((query.anim_time ) * 360 * 3) * 10", 0]
						},
						"0.9167": {
							"vector": [0, 0, -27.5]
						},
						"1.0": {
							"vector": [0, "Math.cos((query.anim_time ) * 360 * 3) * 10", 0]
						}
					}
				},
				"armr": {
					"rotation": {
						"0.0": {
							"vector": [0, -20, 0]
						},
						"0.5": {
							"vector": [0, 0, 0],
							"easing": "easeInOutSine"
						},
						"1.0": {
							"vector": [0, -20, 0],
							"easing": "easeInOutSine"
						}
					},
					"position": {
						"0.0": {
							"vector": [0, 0, 0]
						},
						"0.25": {
							"vector": [0, -0.5, 0],
							"easing": "easeInOutSine"
						},
						"0.5": {
							"vector": [0, 0, 0],
							"easing": "easeInOutSine"
						},
						"0.75": {
							"vector": [0, -0.5, 0],
							"easing": "easeInOutSine"
						},
						"1.0": {
							"vector": [0, 0, 0],
							"easing": "easeInOutSine"
						}
					}
				},
				"arml": {
					"rotation": {
						"0.0": {
							"vector": [0, 20, 0]
						},
						"0.5": {
							"vector": [0, 0, 0],
							"easing": "easeInOutSine"
						},
						"1.0": {
							"vector": [0, 20, 0],
							"easing": "easeInOutSine"
						}
					},
					"position": {
						"0.0": {
							"vector": [0, 0, 0]
						},
						"0.25": {
							"vector": [0, -0.5, 0],
							"easing": "easeInOutSine"
						},
						"0.5": {
							"vector": [0, 0, 0],
							"easing": "easeInOutSine"
						},
						"0.75": {
							"vector": [0, -0.5, 0],
							"easing": "easeInOutSine"
						},
						"1.0": {
							"vector": [0, 0, 0],
							"easing": "easeInOutSine"
						}
					}
				}
			}
		},
		"idle": {
			"loop": true,
			"animation_length": 4,
			"bones": {
				"head": {
					"rotation": {
						"0.0": {
							"vector": [0, 0, 0],
							"easing": "easeOutSine"
						},
						"2.3333": {
							"vector": [1, 0, 0],
							"easing": "easeInOutSine"
						},
						"4.0": {
							"vector": [0, 0, 0],
							"easing": "easeOutSine"
						}
					},
					"position": {
						"0.0": {
							"vector": [0, 0, 0]
						},
						"2.0": {
							"vector": [0, -0.1, 0],
							"easing": "easeInOutSine"
						},
						"4.0": {
							"vector": [0, 0, 0],
							"easing": "easeInOutSine"
						}
					}
				},
				"torso": {
					"position": {
						"0.0": {
							"vector": [0, 0, 0]
						},
						"2.0": {
							"vector": [0, -0.1, 0],
							"easing": "easeInOutSine"
						},
						"4.0": {
							"vector": [0, 0, 0],
							"easing": "easeInOutSine"
						}
					}
				},
				"stringertorso_r1": {
					"rotation": {
						"0.0": {
							"vector": [1.29, 0, 0]
						},
						"0.3333": {
							"vector": [0, 0, 0],
							"easing": "easeOutSine"
						},
						"2.3333": {
							"vector": [5, 0, 0],
							"easing": "easeInOutSine"
						},
						"4.0": {
							"vector": [1.29, 0, 0],
							"easing": "easeInSine"
						}
					}
				},
				"armr": {
					"rotation": {
						"0.0": {
							"vector": [1.29, 0, 0]
						},
						"0.3333": {
							"vector": [0, 0, 0],
							"easing": "easeOutSine"
						},
						"2.3333": {
							"vector": [5, 0, 0],
							"easing": "easeInOutSine"
						},
						"4.0": {
							"vector": [1.29, 0, 0],
							"easing": "easeInSine"
						}
					},
					"position": {
						"0.0": {
							"vector": [0, 0, 0]
						},
						"2.0": {
							"vector": [0, -0.2, 0],
							"easing": "easeInOutSine"
						},
						"4.0": {
							"vector": [0, 0, 0],
							"easing": "easeInOutSine"
						}
					}
				},
				"arml": {
					"rotation": {
						"0.0": {
							"vector": [1.29, 0, 0]
						},
						"0.3333": {
							"vector": [0, 0, 0],
							"easing": "easeOutSine"
						},
						"2.3333": {
							"vector": [5, 0, 0],
							"easing": "easeInOutSine"
						},
						"4.0": {
							"vector": [1.29, 0, 0],
							"easing": "easeInSine"
						}
					},
					"position": {
						"0.0": {
							"vector": [0, 0, 0]
						},
						"2.0": {
							"vector": [0, -0.2, 0],
							"easing": "easeInOutSine"
						},
						"4.0": {
							"vector": [0, 0, 0],
							"easing": "easeInOutSine"
						}
					}
				}
			}
		},
		"attack": {
			"loop": "hold_on_last_frame",
			"animation_length": 0.5,
			"bones": {
				"head": {
					"rotation": {
						"0.0": {
							"vector": [0, 0, 0]
						},
						"0.125": {
							"vector": [47.5, 0, 0],
							"easing": "easeInOutSine"
						},
						"0.5": {
							"vector": [0, 0, 0],
							"easing": "easeInOutSine"
						}
					}
				},
				"torso": {
					"rotation": {
						"0.0": {
							"vector": [0, 0, 0]
						},
						"0.0417": {
							"vector": [0, 0, 0]
						},
						"0.1667": {
							"vector": [50, 0, 0],
							"easing": "easeOutSine"
						},
						"0.5": {
							"vector": [0, 0, 0],
							"easing": "easeInOutSine"
						}
					}
				},
				"stinger_r1": {
					"rotation": {
						"0.0": {
							"vector": [0, 0, 0]
						},
						"0.0833": {
							"vector": [0, 0, 0]
						},
						"0.2083": {
							"vector": [50, 0, 0],
							"easing": "easeOutSine"
						},
						"0.4583": {
							"vector": [0, 0, 0],
							"easing": "easeInOutSine"
						}
					}
				},
				"stringertorso_r1": {
					"rotation": {
						"0.0": {
							"vector": [0, 0, 0]
						},
						"0.125": {
							"vector": [-92.5, 0, 0],
							"easing": "easeInOutSine"
						},
						"0.2917": {
							"vector": [-40, 0, 0],
							"easing": "easeOutSine"
						},
						"0.4167": {
							"vector": [0, 0, 0],
							"easing": "easeInOutSine"
						}
					},
					"scale": {
						"0.0": {
							"vector": [1, 1, 1]
						},
						"0.125": {
							"vector": [1, 1, 1]
						},
						"0.2083": {
							"vector": [1.3, 1.3, 1.3],
							"easing": "easeInOutSine"
						},
						"0.2917": {
							"vector": [1.3, 1.3, 1.3],
							"easing": "easeInOutSine"
						},
						"0.4167": {
							"vector": [1, 1, 1],
							"easing": "easeInOutSine"
						}
					}
				},
				"armr": {
					"rotation": {
						"0.0": {
							"vector": [0, 0, 0]
						},
						"0.125": {
							"vector": [0, -35, 0],
							"easing": "easeInOutSine"
						},
						"0.5": {
							"vector": [0, 0, 0],
							"easing": "easeInOutSine"
						}
					}
				},
				"arml": {
					"rotation": {
						"0.0": {
							"vector": [0, 0, 0]
						},
						"0.125": {
							"vector": [0, 35, 0],
							"easing": "easeInOutSine"
						},
						"0.5": {
							"vector": [0, 0, 0],
							"easing": "easeInOutSine"
						}
					}
				},
				"rightlegs": {
					"rotation": {
						"0.0417": {
							"vector": [0, 0, 0]
						},
						"0.1667": {
							"vector": [0, 0, -15],
							"easing": "linear"
						},
						"0.5": {
							"vector": [0, 0, 0],
							"easing": "easeInOutSine"
						}
					},
					"position": {
						"0.0417": {
							"vector": [0, 0, 0]
						},
						"0.1667": {
							"vector": [0, 1, -1],
							"easing": "linear"
						},
						"0.5": {
							"vector": [0, 0, 0],
							"easing": "easeInOutSine"
						}
					}
				},
				"leftlegs": {
					"rotation": {
						"0.0417": {
							"vector": [0, 0, 0]
						},
						"0.1667": {
							"vector": [0, 0, 15],
							"easing": "linear"
						},
						"0.5": {
							"vector": [0, 0, 0],
							"easing": "easeInOutSine"
						}
					},
					"position": {
						"0.0417": {
							"vector": [0, 0, 0]
						},
						"0.1667": {
							"vector": [0, 1, -1],
							"easing": "linear"
						},
						"0.5": {
							"vector": [0, 0, 0],
							"easing": "easeInOutSine"
						}
					}
				}
			}
		}
	},
	"geckolib_format_version": 2
}