{
	"format_version": "1.8.0",
	"animations": {
		"idle": {
			"loop": true,
			"animation_length": 6,
			"bones": {
				"torso": {
					"rotation": {
						"0.0": {
							"vector": [0, 0, 0]
						},
						"2.5": {
							"vector": [10, 0, 0],
							"easing": "easeInOutSine"
						},
						"6.0": {
							"vector": [0, 0, 0],
							"easing": "easeInOutSine"
						}
					}
				},
				"rightwing": {
					"rotation": {
						"0.0": {
							"vector": [0, 0, 0]
						},
						"3.25": {
							"vector": [0, -15, 0],
							"easing": "easeInOutSine"
						},
						"5.5": {
							"vector": [0, -1.19, 0]
						},
						"5.75": {
							"vector": [0, 6.9, 0],
							"easing": "easeInOutSine"
						},
						"6.0": {
							"vector": [0, 0, 0],
							"easing": "easeInOutSine"
						}
					}
				},
				"leftear": {
					"rotation": {
						"0.0": {
							"vector": [0, 0, 0]
						},
						"3.25": {
							"vector": [0, 15, 0],
							"easing": "easeInOutSine"
						},
						"5.5": {
							"vector": [0, 1.19, 0]
						},
						"5.75": {
							"vector": [0, -6.9, 0],
							"easing": "easeInOutSine"
						},
						"6.0": {
							"vector": [0, 0, 0],
							"easing": "easeInOutSine"
						}
					}
				},
				"botharms": {
					"rotation": {
						"0.0": {
							"vector": [0, 0, 0]
						},
						"2.75": {
							"vector": [-10, 0, 0],
							"easing": "easeInOutSine"
						},
						"6.0": {
							"vector": [0, 0, 0],
							"easing": "easeInOutSine"
						}
					}
				}
			}
		},
		"walk": {
			"loop": true,
			"animation_length": 1,
			"bones": {
				"all": {
					"rotation": {
						"0.0": {
							"vector": [0, 0, 0]
						},
						"0.25": {
							"vector": [0, 0, -5],
							"easing": "easeOutSine"
						},
						"0.75": {
							"vector": [0, 0, 5],
							"easing": "easeInOutSine"
						},
						"1.0": {
							"vector": [0, 0, 0],
							"easing": "easeInSine"
						}
					},
					"position": {
						"0.0": {
							"vector": [0, -3, 0]
						},
						"0.25": {
							"vector": [0, 0, 0],
							"easing": "easeInOutSine"
						},
						"0.5": {
							"vector": [0, -3, 0],
							"easing": "easeInOutSine"
						},
						"0.75": {
							"vector": [0, 0, 0],
							"easing": "easeInOutSine"
						},
						"1.0": {
							"vector": [0, -3, 0],
							"easing": "easeInOutSine"
						}
					}
				},
				"rightwing": {
					"rotation": {
						"0.0": {
							"vector": [0, 0, 0]
						},
						"0.3333": {
							"vector": [0, 20, 0],
							"easing": "easeOutSine"
						},
						"0.75": {
							"vector": [0, -20, 0],
							"easing": "easeInOutSine"
						},
						"1.0": {
							"vector": [0, 0, 0],
							"easing": "easeInSine"
						}
					}
				},
				"leftwing": {
					"rotation": {
						"0.0": {
							"vector": [0, 0, 0]
						},
						"0.3333": {
							"vector": [0, 20, 0],
							"easing": "easeOutSine"
						},
						"0.75": {
							"vector": [0, -20, 0],
							"easing": "easeInOutSine"
						},
						"1.0": {
							"vector": [0, 0, 0],
							"easing": "easeInSine"
						}
					}
				},
				"leftarm": {
					"rotation": {
						"0.0": {
							"vector": [0, 0, 0]
						},
						"0.5": {
							"vector": [0, 0, -5],
							"easing": "easeInOutSine"
						},
						"1.0": {
							"vector": [0, 0, 0],
							"easing": "easeInOutSine"
						}
					}
				},
				"rightarm": {
					"rotation": {
						"0.0": {
							"vector": [0, 0, 0]
						},
						"0.5": {
							"vector": [0, 0, -5],
							"easing": "easeInOutSine"
						},
						"1.0": {
							"vector": [0, 0, 0],
							"easing": "easeInOutSine"
						}
					}
				},
				"leftleg": {
					"rotation": {
						"0.0": {
							"vector": [67.5, 0, 0]
						},
						"0.5": {
							"vector": [-45, 0, 0],
							"easing": "easeInOutSine"
						},
						"1.0": {
							"vector": [67.5, 0, 0],
							"easing": "easeInOutSine"
						}
					}
				},
				"rightleg": {
					"rotation": {
						"0.0": {
							"vector": [-45, 0, 0]
						},
						"0.5": {
							"vector": [67.5, 0, 0],
							"easing": "easeInOutSine"
						},
						"1.0": {
							"vector": [-45, 0, 0],
							"easing": "easeInOutSine"
						}
					}
				}
			}
		}
	},
	"geckolib_format_version": 2
}